pk_id_cuenta,s_cta_desc,fk_id_banco,s_ctaBancaria,s_cta_tipo,s_cta_nivel,s_cta_identificador,s_cta_identificador_tipo,s_cta_status,s_cta_actividad,fk_codAgrup,fk_id_naturaleza,fk_c_ClaveProdServ,s_subctaDe,d_fecha_alta,s_usuario_alta,d_fecha_modifi,s_usuario_modifi0100-00000,"BANCOS",NULL,NULL,A,1,NULL,NULL,1,0,102,D,NULL,NULL,NULL,NULL,NULL,NULL
0100-00001,"BANAMEX  CTA. 4480193 AEROPUERTO",NULL,NULL,A,2,NULL,NULL,1,1,102.01,D,NULL,0100-00000,NULL,NULL,NULL,NULL
0100-00002,"BANCOMER CTA. 166721346 AEROPUERTO",NULL,NULL,A,2,NULL,NULL,1,1,102.01,D,NULL,0100-00000,NULL,NULL,NULL,NULL
0100-00003,"BANAMEX CTA. 0089241 MANZANILLO",NULL,NULL,A,2,NULL,NULL,1,1,102.01,D,NULL,0100-00000,NULL,NULL,NULL,NULL
0100-00004,"BANCOMER CTA. 0166795056 MANZANILLO",NULL,NULL,A,2,NULL,NULL,1,1,102.01,D,NULL,0100-00000,NULL,NULL,NULL,NULL
0100-00005,"HSBC CTA. 4043960293 MANZANILLO",NULL,NULL,A,2,NULL,NULL,1,1,102.01,D,NULL,0100-00000,NULL,NULL,NULL,NULL
0100-00006,"BANAMEX CTA. 7658424 NUEVO LAREDO",NULL,NULL,A,2,NULL,NULL,1,1,102.01,D,NULL,0100-00000,NULL,NULL,NULL,NULL
0100-00007,"BANCOMER CTA. 0166627773 VERACRUZ",NULL,NULL,A,2,NULL,NULL,1,1,102.01,D,NULL,0100-00000,NULL,NULL,NULL,NULL
0100-00008,"BANCOMER CTA. 0167072023 VERACRUZ",NULL,NULL,A,2,NULL,NULL,1,1,102.01,D,NULL,0100-00000,NULL,NULL,NULL,NULL
0100-00009,"BANAMEX CTA. 6666362 VERACRUZ",NULL,NULL,A,2,NULL,NULL,1,1,102.01,D,NULL,0100-00000,NULL,NULL,NULL,NULL
0100-00010,"HSBC CTA. 4041672981 AEROPUERTO",NULL,NULL,A,2,NULL,NULL,1,1,102.01,D,NULL,0100-00000,NULL,NULL,NULL,NULL
0100-00011,"BANAMEX DLLS. CTA. 79033561 NUEVO LAREDO",NULL,NULL,A,2,NULL,NULL,1,1,102.01,D,NULL,0100-00000,NULL,NULL,NULL,NULL
0100-00012,"BANAMEX DLLS. CTA. 79033561 COMPLEMENTARIA  NUEVO LAREDO",NULL,NULL,A,2,NULL,NULL,1,1,102.01,D,NULL,0100-00000,NULL,NULL,NULL,NULL
0100-00013,"SANTANDER SERFIN CTA. 92-001616798 AEROPUERTO",NULL,NULL,A,2,NULL,NULL,1,1,102.01,D,NULL,0100-00000,NULL,NULL,NULL,NULL
0100-00014,"BANCOMER DLLS. CTA. 0172901978 VERACRUZ",NULL,NULL,A,2,NULL,NULL,1,1,102.01,D,NULL,0100-00000,NULL,NULL,NULL,NULL
0100-00015,"BANCOMER DLLS. CTA. 0172901978 COMPLEMENTARIA VERACRUZ",NULL,NULL,A,2,NULL,NULL,1,1,102.01,D,NULL,0100-00000,NULL,NULL,NULL,NULL
0100-00016,"BANCOMER CTA.0192655497 NUEVO LAREDO",NULL,NULL,A,2,NULL,NULL,1,1,102.01,D,NULL,0100-00000,NULL,NULL,NULL,NULL
0100-00017,"BANAMEX CTA.7009 00000 7355485 NUEVO LAREDO",NULL,NULL,A,2,NULL,NULL,1,1,120.01,D,NULL,0100-00000,NULL,NULL,NULL,NULL
0100-00018,"BANCOMER CTA. 0109722246 VERACRUZ",NULL,NULL,A,2,NULL,NULL,1,NULL,102.01,D,NULL,0100-00000,NULL,NULL,NULL,NULL
0100-00019,"IBC BANK OF COMERCE",NULL,NULL,A,2,NULL,NULL,1,NULL,102,D,NULL,0100-00000,NULL,NULL,NULL,NULL
0100-00020,"BANAMEX CTA. 7011/3453751 TRANSPORTE",NULL,NULL,A,2,NULL,NULL,1,1,102,D,NULL,0100-00000,"2017-10-09 13:00:32",NULL,NULL,NULL
0101-00000,"INVERSIONES",NULL,NULL,A,1,NULL,NULL,1,0,103,D,NULL,NULL,NULL,NULL,NULL,NULL
0101-00001,"INVERSIONES BANCOMER CTA. 0166627773 VERACRUZ",NULL,NULL,A,2,NULL,NULL,1,1,103.01,D,NULL,0101-00000,NULL,NULL,NULL,NULL
0101-00002,"INVERSIONES SANTANDER SERFIN CTA. 92-001616798 AEROPUERTO",NULL,NULL,A,2,NULL,NULL,1,1,103.01,D,NULL,0101-00000,NULL,NULL,NULL,NULL
0101-00003,"INVERSIONES BANCOMER CTA. 166721346 AEROPUERTO",NULL,NULL,A,2,NULL,NULL,1,1,103.01,D,NULL,0101-00000,NULL,NULL,NULL,NULL
0106-00000,"Cuentas y documentos por cobrar a corto plazo",NULL,NULL,A,1,NULL,NULL,1,0,106,D,NULL,NULL,"2018-02-02 11:16:54",NULL,NULL,NULL
0106-05900,"CLIENTES DIVERSOS",NULL,NULL,A,2,CLT_5900,NULL,1,0,106.01,D,NULL,0106-00000,"2018-02-06 12:12:13",NULL,NULL,NULL
0106-06004,"MAQUINARIA ELECTRICA SAM, S. A. (NO USAR)",NULL,NULL,A,2,CLT_6004,NULL,1,0,106.01,D,NULL,0106-00000,"2018-02-06 12:12:13",NULL,NULL,NULL
0106-06016,"APPAREL MACHINERY DE MEXICO, S.A. DE C.V. (NO USAR).",NULL,NULL,A,2,CLT_6016,NULL,1,0,106.01,D,NULL,0106-00000,"2018-02-06 12:12:13",NULL,NULL,NULL
0106-06019,"FANTASIAS MIGUEL S.A. DE C.V. (NO USAR)",NULL,NULL,A,2,CLT_6019,NULL,1,0,106.01,D,NULL,0106-00000,"2018-02-06 12:12:13",NULL,NULL,NULL
0106-06020,"VISSION XXI, S.A. DE C.V.",NULL,NULL,A,2,CLT_6020,NULL,1,0,106.01,D,NULL,0106-00000,"2018-02-06 12:12:13",NULL,NULL,NULL
0106-06029,"EUROTECNICA TEXTIL, S.A. DE C.V.",NULL,NULL,A,2,CLT_6029,NULL,1,0,106.01,D,NULL,0106-00000,"2018-02-06 12:12:13",NULL,NULL,NULL
0106-06050,"INDUSTRIAS ALIMENTICIAS FABP S.A. DE C.V.",NULL,NULL,A,2,"CLT_06050",NULL,1,0,106.01,D,NULL,0106-00000,"2018-02-06 12:12:13",NULL,NULL,NULL
0106-06090,"DROGUERIA COSMOPOLITA, S.A. DE C.V.",NULL,NULL,A,2,CLT_6090,NULL,1,0,106.01,D,NULL,0106-00000,"2018-02-06 12:12:13",NULL,NULL,NULL
0106-06144,"RETECMA S.A. DE C.V.V (NO USAR)",NULL,NULL,A,2,CLT_6144,NULL,1,0,106.01,D,NULL,0106-00000,"2018-02-06 12:12:13",NULL,NULL,NULL
0106-06150,"FRIAS Y LAVALLE, S.A. DE C.V.",NULL,NULL,A,2,CLT_6150,NULL,1,0,106.01,D,NULL,0106-00000,"2018-02-06 12:12:13",NULL,NULL,NULL
0106-06152,"CSJ RECUBRIMIENTOS S.A. DE C.V.",NULL,NULL,A,2,CLT_6152,NULL,1,0,106.01,D,NULL,0106-00000,"2018-02-06 12:12:13",NULL,NULL,NULL
0106-06218,"INDUSTRIAS CONMAR, S.A. DE C.V.",NULL,NULL,A,2,CLT_6218,NULL,1,0,106.01,D,NULL,0106-00000,"2018-02-06 12:12:13",NULL,NULL,NULL
0106-06267,"HOME LINK DE MEXICO, S.A. DE C.V.",NULL,NULL,A,2,CLT_6267,NULL,1,0,106.01,D,NULL,0106-00000,"2018-02-06 12:12:13",NULL,NULL,NULL
0106-06314,"HORTIKEM, S.A. DE C.V.",NULL,NULL,A,2,CLT_6314,NULL,1,0,106.01,D,NULL,0106-00000,"2018-02-06 12:12:13",NULL,NULL,NULL
0106-06358,"JOSE LUIS YAMUNI HALLAL",NULL,NULL,A,2,CLT_6358,NULL,1,0,106.01,D,NULL,0106-00000,"2018-02-06 12:12:13",NULL,NULL,NULL
0106-06375,"MAHLE SISTEMAS DE FILTRACION DE MEXICO, S.A. DE C.V.",NULL,NULL,A,2,CLT_6375,NULL,1,0,106.01,D,NULL,0106-00000,"2018-02-06 12:12:13",NULL,NULL,NULL
0106-06410,"IMPRESORA SILVAFORM, S.A. DE C.V.",NULL,NULL,A,2,CLT_6410,NULL,1,0,106.01,D,NULL,0106-00000,"2018-02-06 12:12:13",NULL,NULL,NULL
0106-06548,"MOTORES ELECTRICOS SUMERGIBLES DE MEXICO, S. DE R.L. DE C.V.",NULL,NULL,A,2,CLT_6548,NULL,1,0,106.01,D,NULL,0106-00000,"2018-02-06 12:12:13",NULL,NULL,NULL
0106-06610,"FIT&CO SOLUTIONS, S.A. DE C.V.",NULL,NULL,A,2,CLT_6610,NULL,1,0,106.01,D,NULL,0106-00000,"2018-02-06 12:12:13",NULL,NULL,NULL
0106-06625,"GUANTES VARGAS S.A. (NO USAR)",NULL,NULL,A,2,CLT_6625,NULL,1,0,106.01,D,NULL,0106-00000,"2018-02-06 12:12:13",NULL,NULL,NULL
0106-06748,"POP MEDIA TECHNOLOGY, S.A. DE C.V.",NULL,NULL,A,2,CLT_6748,NULL,1,0,106.01,D,NULL,0106-00000,"2018-02-06 12:12:13",NULL,NULL,NULL
0106-06772,"FORMAS INTELIGENTES, S.A. DE C.V.",NULL,NULL,A,2,CLT_6772,NULL,1,0,106.01,D,NULL,0106-00000,"2018-02-06 12:12:13",NULL,NULL,NULL
0106-06802,"OMEGA DISTRIBUIDORA DE HILOS, S.A DE C.V",NULL,NULL,A,2,CLT_6802,NULL,1,0,106.01,D,NULL,0106-00000,"2018-02-06 12:12:13",NULL,NULL,NULL
0106-06840,"MAHLE SISTEMAS DE FILTRACION DE MEXICO, S.A. DE C.V.",NULL,NULL,A,2,CLT_6840,NULL,1,0,106.01,D,NULL,0106-00000,"2018-02-06 12:12:13",NULL,NULL,NULL
0106-06864,"RED BULL S. DE R.L. DE C.V.",NULL,NULL,A,2,CLT_6864,NULL,1,0,106.01,D,NULL,0106-00000,"2018-02-06 12:12:13",NULL,NULL,NULL
0106-06967,"MOTORES FRANKLIN S.A. DE C.V.",NULL,NULL,A,2,CLT_6967,NULL,1,0,106.01,D,NULL,0106-00000,"2018-02-06 12:12:13",NULL,NULL,NULL
0106-06993,"EFICIENCIA THERMOE S.A. DE C.V.",NULL,NULL,A,2,CLT_6993,NULL,1,0,106.01,D,NULL,0106-00000,"2018-02-06 12:12:13",NULL,NULL,NULL
0106-07021,"CIMSA SERVICES AGENCY CORPORATION SA DE CV",NULL,NULL,A,2,CLT_7021,NULL,1,0,106.01,D,NULL,0106-00000,"2018-02-06 12:12:13",NULL,NULL,NULL
0106-07118,"ESPACIO INTELIGENTE DEL NORTE, S.A. DE C.V.",NULL,NULL,A,2,CLT_7118,NULL,1,0,106.01,D,NULL,0106-00000,"2018-02-06 12:12:13",NULL,NULL,NULL
0106-07168,"ZURITA ALEMAN CLAUDIA AURORA",NULL,NULL,A,2,CLT_7168,NULL,1,0,106.01,D,NULL,0106-00000,"2018-02-06 12:12:13",NULL,NULL,NULL
0106-07215,"CONSORCIO INTERNACIONAL SOL SA DE CV",NULL,NULL,A,2,CLT_7215,NULL,1,0,106.01,D,NULL,0106-00000,"2018-02-06 12:12:13",NULL,NULL,NULL
0106-07251,"PUERTAS FINAS DE MADERA MONTE ALBAN, S.A DE C.V.",NULL,NULL,A,2,CLT_7251,NULL,1,0,106.01,D,NULL,0106-00000,"2018-02-06 12:12:13",NULL,NULL,NULL
0106-07373,"INTERNATIONAL LOGISTICS SPEDITIONS DE MEXICO SA DE CV ",NULL,NULL,A,2,CLT_7373,NULL,1,0,106.01,D,NULL,0106-00000,"2018-02-06 12:12:13",NULL,NULL,NULL
0106-07413,"ALMACENADORA GOLMEX S.A. DE C.V.",NULL,NULL,A,2,CLT_7413,NULL,1,0,106.01,D,NULL,0106-00000,"2018-02-06 12:12:13",NULL,NULL,NULL
0106-07422,"REPRINTS UNLIMITED S.A. DE C.V.",NULL,NULL,A,2,CLT_7422,NULL,1,0,106.01,D,NULL,0106-00000,"2018-02-06 12:12:13",NULL,NULL,NULL
0106-07430,"AGRO NINBA S.A. DE C.V.",NULL,NULL,A,2,CLT_7430,NULL,1,0,106.01,D,NULL,0106-00000,"2018-02-06 12:12:13",NULL,NULL,NULL
0106-07446,"GRUPO ESSCALO S.A. DE C.V.",NULL,NULL,A,2,CLT_7446,NULL,1,0,106.01,D,NULL,0106-00000,"2018-02-06 12:12:13",NULL,NULL,NULL
0106-07447,"AGILITY LOGISTICS S.A. DE C.V.",NULL,NULL,A,2,CLT_7447,NULL,1,0,106.01,D,NULL,0106-00000,"2018-02-06 12:12:13",NULL,NULL,NULL
0106-07455,"PANALPINA TRANSPORTES MUNDIALES S.A. DE C.V. (NO USAR)",NULL,NULL,A,2,CLT_7455,NULL,1,0,106.01,D,NULL,0106-00000,"2018-02-06 12:12:13",NULL,NULL,NULL
0106-07470,"ALUMINIOS Y COMPONENTES BERNAL S.A. DE C.V.",NULL,NULL,A,2,CLT_7470,NULL,1,0,106.01,D,NULL,0106-00000,"2018-02-06 12:12:13",NULL,NULL,NULL
0106-07492,"CONFECCIONES CLABECK S.A. DE C.V.",NULL,NULL,A,2,CLT_7492,NULL,1,0,106.01,D,NULL,0106-00000,"2018-02-06 12:12:13",NULL,NULL,NULL
0106-07494,"VENDOR PUBLICIDAD EXTERIOR S. DE R.L. DE C.V (NO USAR).",NULL,NULL,A,2,CLT_7494,NULL,1,0,106.01,D,NULL,0106-00000,"2018-02-06 12:12:13",NULL,NULL,NULL
0106-07509,"CONTENT ED NET S.A. DE C.V.",NULL,NULL,A,2,CLT_7509,NULL,1,0,106.01,D,NULL,0106-00000,"2018-02-06 12:12:13",NULL,NULL,NULL
0106-07514,"MAHLE COMPONENTES DE MOTOR DE MEXICO S. DE R.L. DE C.V. ",NULL,NULL,A,2,CLT_7514,NULL,1,0,106.01,D,NULL,0106-00000,"2018-02-06 12:12:13",NULL,NULL,NULL
0106-07520,"REIVAX INTERNACIONAL S.A. DE C.V.",NULL,NULL,A,2,CLT_7520,NULL,1,0,106.01,D,NULL,0106-00000,"2018-02-06 12:12:13",NULL,NULL,NULL
0106-07525,"INOVAT TECHNOLOGY, S.A. DE C.V.",NULL,NULL,A,2,CLT_7525,NULL,1,0,106.01,D,NULL,0106-00000,"2018-02-06 12:12:13",NULL,NULL,NULL
0106-07528,"CAM-WORLDWIDE, S.A. DE C.V.",NULL,NULL,A,2,CLT_7528,NULL,1,0,106.01,D,NULL,0106-00000,"2018-02-06 12:12:13",NULL,NULL,NULL
0106-07549,"Q PRODUCTOS S.A. DE C.V.",NULL,NULL,A,2,CLT_7549,NULL,1,0,106.01,D,NULL,0106-00000,"2018-02-06 12:12:13",NULL,NULL,NULL
0106-07590,"REGIOMONTANA DE LUBRICANTES S.A. DE C.V.",NULL,NULL,A,2,CLT_7590,NULL,1,0,106.01,D,NULL,0106-00000,"2018-02-06 12:12:13",NULL,NULL,NULL
0106-07592,"BIOCHEM SYSTEMS S.A. DE C.V.",NULL,NULL,A,2,CLT_7592,NULL,1,0,106.01,D,NULL,0106-00000,"2018-02-06 12:12:13",NULL,NULL,NULL
0106-07604,"PEROXYCHEM MEXICO S DE RL DE CV",NULL,NULL,A,2,CLT_7604,NULL,1,0,106.01,D,NULL,0106-00000,"2018-02-06 12:54:15",NULL,NULL,NULL
0106-07621,"AUROVIDA FARMACEUTICA S.A. DE C.V.",NULL,NULL,A,2,CLT_7621,NULL,1,0,106.01,D,NULL,0106-00000,"2018-02-06 12:12:13",NULL,NULL,NULL
0106-07634,"BABCOCK & WILCOX DE MONTERREY S.A. DE C.V.",NULL,NULL,A,2,CLT_7634,NULL,1,0,106.01,D,NULL,0106-00000,"2018-02-06 12:12:13",NULL,NULL,NULL
0106-07635,"INDUSTRIAS MARTIN CUBERO, S. DE R.L. DE C.V.",NULL,NULL,A,2,CLT_7635,NULL,1,0,106.01,D,NULL,0106-00000,"2018-02-06 12:12:13",NULL,NULL,NULL
0106-07642,"PRODUCTOS FARMACEUTICOS COLLINS S.A. DE C.V.",NULL,NULL,A,2,CLT_7642,NULL,1,0,106.01,D,NULL,0106-00000,"2018-02-06 12:12:13",NULL,NULL,NULL
0106-07654,"NORTEC S.A. DE C.V.",NULL,NULL,A,2,CLT_7654,NULL,1,0,106.01,D,NULL,0106-00000,"2018-02-06 12:12:13",NULL,NULL,NULL
0106-07658,"RESTAURANTES SUNTORY S.A.",NULL,NULL,A,2,CLT_7658,NULL,1,0,106.01,D,NULL,0106-00000,"2018-02-06 12:12:13",NULL,NULL,NULL
0106-07661,"AUDIO ACUSTICA Y ELECTRONICA S.A. DE C.V.",NULL,NULL,A,2,CLT_7661,NULL,1,0,106.01,D,NULL,0106-00000,"2018-02-06 12:12:13",NULL,NULL,NULL
0106-07666,"FINOS TEXTILES DE MEXICO S.A. DE C.V.",NULL,NULL,A,2,CLT_7666,NULL,1,0,106.01,D,NULL,0106-00000,"2018-02-06 12:12:13",NULL,NULL,NULL
0106-07667,"MODA INFANTIL MAYORAL S.A. DE C.V.",NULL,NULL,A,2,CLT_7667,NULL,1,0,106.01,D,NULL,0106-00000,"2018-02-06 12:12:13",NULL,NULL,NULL
0106-07672,"LA NUEVA DISTRIBUIDORA DE TELAS S.A. DE C.V.",NULL,NULL,A,2,CLT_7672,NULL,1,0,106.01,D,NULL,0106-00000,"2018-02-06 12:12:13",NULL,NULL,NULL
0106-07673,"MENZIES AVIATION MEXICO S.A. DE C.V.",NULL,NULL,A,2,CLT_7673,NULL,1,0,106.01,D,NULL,0106-00000,"2018-02-06 12:12:13",NULL,NULL,NULL
0106-07681,"HILATURAS DE LA LAGUNA S.A. DE C.V.",NULL,NULL,A,2,CLT_7681,NULL,1,0,106.01,D,NULL,0106-00000,"2018-02-06 12:12:13",NULL,NULL,NULL
0106-07684,"CORBATAS Y ACCESORIOS CORPORATIVOS MEXTIE, S.A. DE C.V. ",NULL,NULL,A,2,CLT_7684,NULL,1,0,106.01,D,NULL,0106-00000,"2018-02-06 12:12:13",NULL,NULL,NULL
0106-07685,"ENSEL TECHNOLOGIES S.A. DE C.V.",NULL,NULL,A,2,CLT_7685,NULL,1,0,106.01,D,NULL,0106-00000,"2018-02-06 12:12:13",NULL,NULL,NULL
0106-07688,"RESTAURANTE SUNTORY SANTA FE, S.A. DE C.V.",NULL,NULL,A,2,CLT_7688,NULL,1,0,106.01,D,NULL,0106-00000,"2018-02-06 12:12:13",NULL,NULL,NULL
0106-07689,"SAN BARR KIDS S.A. DE C.V.",NULL,NULL,A,2,CLT_7689,NULL,1,0,106.01,D,NULL,0106-00000,"2018-02-06 12:12:13",NULL,NULL,NULL
0106-07690,"INDUSTRIAS DARIC S.A. DE C.V.",NULL,NULL,A,2,CLT_7690,NULL,1,0,106.01,D,NULL,0106-00000,"2018-02-06 12:12:13",NULL,NULL,NULL
0106-07692,"GEIKO MAIKO INDUSTRIAL S.A. DE C.V.",NULL,NULL,A,2,CLT_7692,NULL,1,0,106.01,D,NULL,0106-00000,"2018-02-06 12:12:13",NULL,NULL,NULL
0106-07695,"GRUPO AGROTECNOLOGIA MEXICO TCB E IBERFOL S.A. DE C.V. ",NULL,NULL,A,2,CLT_7695,NULL,1,0,106.01,D,NULL,0106-00000,"2018-02-06 12:12:13",NULL,NULL,NULL
0106-07698,"DIGA S.A. DE C.V.",NULL,NULL,A,2,CLT_7698,NULL,1,0,106.01,D,NULL,0106-00000,"2018-02-06 12:12:13",NULL,NULL,NULL
0106-07701,"RAHUE DESARROLLOS S. DE R.L. DE C.V. (NO USAR)",NULL,NULL,A,2,CLT_7701,NULL,1,0,106.01,D,NULL,0106-00000,"2018-02-06 12:12:13",NULL,NULL,NULL
0106-07704,"COMERCIALIZADORA BELLARTE S.A. DE C.V.",NULL,NULL,A,2,CLT_7704,NULL,1,0,106.01,D,NULL,0106-00000,"2018-02-06 12:12:13",NULL,NULL,NULL
0106-07713,"HILOS POLICOLOR S.A. DE C.V.",NULL,NULL,A,2,CLT_7713,NULL,1,0,106.01,D,NULL,0106-00000,"2018-02-06 12:12:13",NULL,NULL,NULL
0106-07715,"COMERCIALIZADORA CENTURY RECYCLING, S.A. DE C.V.",NULL,NULL,A,2,CLT_7715,NULL,1,0,106.01,D,NULL,0106-00000,"2018-02-06 12:12:13",NULL,NULL,NULL
0106-07716,"GRAFICOS DEL NORTE, S.A. DE C.V.",NULL,NULL,A,2,CLT_7716,NULL,1,0,106.01,D,NULL,0106-00000,"2018-02-06 12:12:13",NULL,NULL,NULL
0106-07717,"LIENZ, S.A. DE C.V.",NULL,NULL,A,2,CLT_7717,NULL,1,0,106.01,D,NULL,0106-00000,"2018-02-06 12:12:13",NULL,NULL,NULL
0106-07720,"IMPLEMENTOS Y EQUIPOS AUTOMATICOS, S.A. DE C.V.",NULL,NULL,A,2,CLT_7720,NULL,1,0,106.01,D,NULL,0106-00000,"2018-02-06 12:12:13",NULL,NULL,NULL
0106-07721,"INDUSTRIAS DUENAS S.A. DE C.V.",NULL,NULL,A,2,CLT_7721,NULL,1,0,106.01,D,NULL,0106-00000,"2018-02-06 12:12:13",NULL,NULL,NULL
0106-07723,"BAUMGARTEN MEXICO, S.A. DE C.V.",NULL,NULL,A,2,CLT_7723,NULL,1,0,106.01,D,NULL,0106-00000,"2018-02-06 12:12:13",NULL,NULL,NULL
0106-07725,"UNION CHEMICAR DE MEXICO, S.A. DE C.V.",NULL,NULL,A,2,CLT_7725,NULL,1,0,106.01,D,NULL,0106-00000,"2018-02-06 12:12:13",NULL,NULL,NULL
0106-07735,"COMPANIA MANUFACTURERA DE ROPA ROAL, S.A. DE C.V.",NULL,NULL,A,2,CLT_7735,NULL,1,0,106.01,D,NULL,0106-00000,"2018-02-06 12:12:13",NULL,NULL,NULL
0106-07739,"OPM IMPORT, S.A. DE C.V.",NULL,NULL,A,2,CLT_7739,NULL,1,0,106.01,D,NULL,0106-00000,"2018-02-06 12:12:13",NULL,NULL,NULL
0106-07742,"KIDZANIA DE MEXICO, S.A. DE C.V.",NULL,NULL,A,2,CLT_7742,NULL,1,0,106.01,D,NULL,0106-00000,"2018-02-06 12:12:13",NULL,NULL,NULL
0106-07745,"STRATEGIA INTERAMERICANA, S.A. DE C.V.",NULL,NULL,A,2,CLT_7745,NULL,1,0,106.01,D,NULL,0106-00000,"2018-02-06 12:12:13",NULL,NULL,NULL
0106-07749,"PROLOG TRANSPORTATION, INC.",NULL,NULL,A,2,CLT_7749,NULL,1,0,106.01,D,NULL,0106-00000,"2018-02-06 12:12:13",NULL,NULL,NULL
0106-07751,"INTERNATIONAL FREIGTH FORWARDER AND ADVISOR CUSTOMS DELIVERY, S.A. DE C.V.",NULL,NULL,A,2,CLT_7751,NULL,1,0,106.01,D,NULL,0106-00000,"2018-02-06 12:12:13",NULL,NULL,NULL
0106-07752,"GRUPO DE INTERCAMBIO COMERCIAL, S.A. DE C.V.",NULL,NULL,A,2,CLT_7752,NULL,1,0,106.01,D,NULL,0106-00000,"2018-02-06 12:12:13",NULL,NULL,NULL
0106-07753,"CONFECCIONES Y DISENOS DE PUEBLA, S.A. DE C.V.",NULL,NULL,A,2,CLT_7753,NULL,1,0,106.01,D,NULL,0106-00000,"2018-02-06 12:12:13",NULL,NULL,NULL
0106-07754,"PHARMA OSHA, S. DE R.L. DE C.V.",NULL,NULL,A,2,CLT_7754,NULL,1,0,106.01,D,NULL,0106-00000,"2018-02-06 12:12:13",NULL,NULL,NULL
0106-07755,"LAGSOM QUIMICA, S.A. DE C.V.",NULL,NULL,A,2,CLT_7755,NULL,1,0,106.01,D,NULL,0106-00000,"2018-02-06 12:12:13",NULL,NULL,NULL
0106-07760,"SUNTORY INMOBILIARIA, S.A. DE C.V.",NULL,NULL,A,2,CLT_7760,NULL,1,0,106.01,D,NULL,0106-00000,"2018-02-06 12:12:13",NULL,NULL,NULL
0106-07761,"CERRADURAS Y CANDADOS PHILLIPS, S.A. DE C.V.",NULL,NULL,A,2,CLT_7761,NULL,1,0,106.01,D,NULL,0106-00000,"2018-02-06 12:12:13",NULL,NULL,NULL
0106-07762,"DISTRIBUIDORA FERACMON, S.A. DE C.V.",NULL,NULL,A,2,CLT_7762,NULL,1,0,106.01,D,NULL,0106-00000,"2018-02-06 12:12:13",NULL,NULL,NULL
0106-07767,"GC-LEMA Y ASOCIADOS, S.A. DE C.V.",NULL,NULL,A,2,CLT_7767,NULL,1,0,106.01,D,NULL,0106-00000,"2018-02-06 12:12:13",NULL,NULL,NULL
0106-07771,"SISTEMAS DE ENERGIA Y SEGURIDAD INTELIGENTE, S.A. DE C.V.",NULL,NULL,A,2,CLT_7771,NULL,1,0,106.01,D,NULL,0106-00000,"2018-02-06 12:12:13",NULL,NULL,NULL
0106-07773,"NU SKIN MEXICO, S.A. DE C.V.",NULL,NULL,A,2,CLT_7773,NULL,1,0,106.01,D,NULL,0106-00000,"2018-02-06 12:12:13",NULL,NULL,NULL
0106-07775,"LA CUNA ENCANTADA, S.A. DE C.V.",NULL,NULL,A,2,CLT_7775,NULL,1,0,106.01,D,NULL,0106-00000,"2018-02-06 12:12:13",NULL,NULL,NULL
0106-07778,"PETIMEX, S.A. DE C.V.",NULL,NULL,A,2,CLT_7778,NULL,1,0,106.01,D,NULL,0106-00000,"2018-02-06 12:12:13",NULL,NULL,NULL
0106-07779,"TEXTILES LA GOLONDRINA, S.A. DE C.V.",NULL,NULL,A,2,CLT_7779,NULL,1,0,106.01,D,NULL,0106-00000,"2018-02-06 12:12:13",NULL,NULL,NULL
0106-07780,"TEXTILES MONT BLANC, S.A DE C.V.",NULL,NULL,A,2,CLT_7780,NULL,1,0,106.01,D,NULL,0106-00000,"2018-02-06 12:12:13",NULL,NULL,NULL
0106-07781,"OMEGA CORPORACION, S.A. DE C.V.",NULL,NULL,A,2,CLT_7781,NULL,1,0,106.01,D,NULL,0106-00000,"2018-02-06 12:12:13",NULL,NULL,NULL
0106-07782,"JANOSCHKA MEXICO, S.A.P.I. DE C.V.",NULL,NULL,A,2,CLT_7782,NULL,1,0,106.01,D,NULL,0106-00000,"2018-02-06 12:12:13",NULL,NULL,NULL
0106-07786,"ILUMINACION ORLITE, S.A. DE C.V.",NULL,NULL,A,2,CLT_7786,NULL,1,0,106.01,D,NULL,0106-00000,"2018-02-06 12:12:13",NULL,NULL,NULL
0106-07789,"MEL DE MEXICO, S.A. DE C.V.",NULL,NULL,A,2,CLT_7789,NULL,1,0,106.01,D,NULL,0106-00000,"2018-02-06 12:12:13",NULL,NULL,NULL
0106-07792,"RIO SUL, S.A. DE C.V.",NULL,NULL,A,2,CLT_7792,NULL,1,0,106.01,D,NULL,0106-00000,"2018-02-06 12:12:13",NULL,NULL,NULL
0106-07793,"COMERCIALIZADORA EDELWEISS, S.A. DE C.V.",NULL,NULL,A,2,CLT_7793,NULL,1,0,106.01,D,NULL,0106-00000,"2018-02-06 12:12:13",NULL,NULL,NULL
0106-07795,"SINTEG EN MEXICO, S.A. DE C.V.",NULL,NULL,A,2,CLT_7795,NULL,1,0,106.01,D,NULL,0106-00000,"2018-02-06 12:12:13",NULL,NULL,NULL
0106-07796,"PHONAK MEXICANA, S.A. DE C.V.",NULL,NULL,A,2,CLT_7796,NULL,1,0,106.01,D,NULL,0106-00000,"2018-02-06 12:12:13",NULL,NULL,NULL
0106-07798,"RETECMA, S.A. DE C.V.",NULL,NULL,A,2,CLT_7798,NULL,1,0,106.01,D,NULL,0106-00000,"2018-02-06 12:12:13",NULL,NULL,NULL
0106-07799,"PANALPINA TRANSPORTES MUNDIALES S.A. DE C.V.",NULL,NULL,A,2,CLT_7799,NULL,1,0,106.01,D,NULL,0106-00000,"2018-02-06 12:12:13",NULL,NULL,NULL
0106-07800,"LABOTEC MEXICO, S.C.",NULL,NULL,A,2,CLT_7800,NULL,1,0,106.01,D,NULL,0106-00000,"2018-02-06 12:12:13",NULL,NULL,NULL
0106-07801,"A&N ALIMENTOS, S.A. DE C.V.",NULL,NULL,A,2,CLT_7801,NULL,1,0,106.01,D,NULL,0106-00000,"2018-02-06 12:12:13",NULL,NULL,NULL
0106-07802,"ANA GUERRA CRUZADO",NULL,NULL,A,2,CLT_7802,NULL,1,0,106.01,D,NULL,0106-00000,"2018-02-06 12:12:13",NULL,NULL,NULL
0106-07803,"SHEMENSAL, S. DE R.L. DE C.V.",NULL,NULL,A,2,CLT_7803,NULL,1,0,106.01,D,NULL,0106-00000,"2018-02-06 12:12:13",NULL,NULL,NULL
0106-07804,"CARLOS IVAN RODRIGUEZ RODRIGUEZ",NULL,NULL,A,2,CLT_7804,NULL,1,0,106.01,D,NULL,0106-00000,"2018-02-06 12:12:13",NULL,NULL,NULL
0106-07805,"VENDOR PUBLICIDAD EXTERIOR S. DE R.L. DE C.V.",NULL,NULL,A,2,CLT_7805,NULL,1,0,106.01,D,NULL,0106-00000,"2018-02-06 12:12:13",NULL,NULL,NULL
0106-07806,"MEXPROUD SHIPPING, S.A. DE C.V.",NULL,NULL,A,2,CLT_7806,NULL,1,0,106.01,D,NULL,0106-00000,"2018-02-06 12:12:13",NULL,NULL,NULL
0106-07808,"FANTASIAS MIGUEL, S.A. DE C.V.",NULL,NULL,A,2,CLT_7808,NULL,1,0,106.01,D,NULL,0106-00000,"2018-02-06 12:12:13",NULL,NULL,NULL
0106-07809,"AH KIM PECH CORPORTATION, S.A. DE C.V. (NO USAR)",NULL,NULL,A,2,CLT_7809,NULL,1,0,106.01,D,NULL,0106-00000,"2018-02-06 12:12:13",NULL,NULL,NULL
0106-07810,"ZAHNTECHNIK, S.A. DE C.V.",NULL,NULL,A,2,CLT_7810,NULL,1,0,106.01,D,NULL,0106-00000,"2018-02-06 12:12:13",NULL,NULL,NULL
0106-07811,"POLYLUBEX, S.A. DE C.V.",NULL,NULL,A,2,CLT_7811,NULL,1,0,106.01,D,NULL,0106-00000,"2018-02-06 12:12:13",NULL,NULL,NULL
0106-07812,"INSTITUTO TECNOLOGICO DE DIANETICA, A.C.",NULL,NULL,A,2,CLT_7812,NULL,1,0,106.01,D,NULL,0106-00000,"2018-02-06 12:12:13",NULL,NULL,NULL
0106-07813,"NETCONTROLL GROUP, S.A. DE C.V.",NULL,NULL,A,2,CLT_7813,NULL,1,0,106.01,D,NULL,0106-00000,"2018-02-06 12:12:13",NULL,NULL,NULL
0106-07814,"CACAHUATES DE MORELOS, S. DE R.L. DE C.V.",NULL,NULL,A,2,CLT_7814,NULL,1,0,106.01,D,NULL,0106-00000,"2018-02-06 12:12:13",NULL,NULL,NULL
0106-07815,"PUBLICIDAD HOLISTICA DEL NORTE, S.A. DE C.V.",NULL,NULL,A,2,CLT_7815,NULL,1,0,106.01,D,NULL,0106-00000,"2018-02-06 12:12:13",NULL,NULL,NULL
0106-07816,"SENTER SYNERGY, S.A. DE C.V.",NULL,NULL,A,2,CLT_7816,NULL,1,0,106.01,D,NULL,0106-00000,"2018-02-06 12:12:13",NULL,NULL,NULL
0106-07817,"HOME COSAS, S.A. DE C.V.",NULL,NULL,A,2,CLT_7817,NULL,1,0,106.01,D,NULL,0106-00000,"2018-02-06 12:12:13",NULL,NULL,NULL
0106-07818,"SUNTORY SERVICIO DE RESTAURANTES, S.A. DE C.V.",NULL,NULL,A,2,CLT_7818,NULL,1,0,106.01,D,NULL,0106-00000,"2018-02-06 12:12:13",NULL,NULL,NULL
0106-07819,"AH KIM PECH CORPORATION, S.A. DE C.V.",NULL,NULL,A,2,CLT_7819,NULL,1,0,106.01,D,NULL,0106-00000,"2018-02-06 12:12:13",NULL,NULL,NULL
0106-07820,"RAHUE DESARROLLOS, S. DE R.L. DE C.V.",NULL,NULL,A,2,CLT_7820,NULL,1,0,106.01,D,NULL,0106-00000,"2018-02-06 12:12:13",NULL,NULL,NULL
0106-07821,"SCANNER FORMS, S.A. DE C.V.",NULL,NULL,A,2,CLT_7821,NULL,1,0,106.01,D,NULL,0106-00000,"2018-02-06 12:12:13",NULL,NULL,NULL
0106-07825,"GUANTES VARGAS, S.A. DE C.V.",NULL,NULL,A,2,CLT_7825,NULL,1,0,106.01,D,NULL,0106-00000,"2018-02-06 12:12:13",NULL,NULL,NULL
0106-07826,"PEDRO QUEZADA MENDOZA",NULL,NULL,A,2,CLT_7826,NULL,1,0,106.01,D,NULL,0106-00000,"2018-02-06 12:12:13",NULL,NULL,NULL
0106-07827,"NNR GLOBAL LOGISTICS MEXICO, S.A. DE C.V.",NULL,NULL,A,2,CLT_7827,NULL,1,0,106.01,D,NULL,0106-00000,"2018-02-06 12:12:13",NULL,NULL,NULL
0106-07828,"INGENIERIA E INTEGRACION AVANZADAS (INGENIA), S.A.",NULL,NULL,A,2,CLT_7828,NULL,1,0,106.01,D,NULL,0106-00000,"2018-02-06 12:12:13",NULL,NULL,NULL
0106-07830,"CITIZENS COMMISION OF HUMAN RIGHTS MEXICO, A.C.",NULL,NULL,A,2,CLT_7830,NULL,1,0,106.01,D,NULL,0106-00000,"2018-02-06 12:12:13",NULL,NULL,NULL
0106-07831,"SISTEMAS E INGENIERIA DE EMC, S.A. DE C.V.",NULL,NULL,A,2,CLT_7831,NULL,1,0,106.01,D,NULL,0106-00000,"2018-02-06 12:12:13",NULL,NULL,NULL
0106-07832,"APPAREL MACHINERY DE MEXICO, S.A. DE C.V.",NULL,NULL,A,2,CLT_7832,NULL,1,0,106.01,D,NULL,0106-00000,"2018-02-06 12:12:13",NULL,NULL,NULL
0106-07834,"MAQUINARIA ELECTRICA SAM, S. A.",NULL,NULL,A,2,CLT_7834,NULL,1,0,106.01,D,NULL,0106-00000,"2018-02-06 12:12:13",NULL,NULL,NULL
0106-07835,"J J DENIS, S.A. DE C.V.",NULL,NULL,A,2,CLT_7835,NULL,1,0,106.01,D,NULL,0106-00000,"2018-02-06 12:12:13",NULL,NULL,NULL
0106-07837,"COMPUTADORAS ACCESORIOS Y SISTEMAS, S.A. DE C.V.",NULL,NULL,A,2,CLT_7837,NULL,1,0,106.01,D,NULL,0106-00000,"2018-02-06 12:12:13",NULL,NULL,NULL
0106-07838,"RESTAURANTE SUNTORY DE ACAPULCO, S.A. DE C.V.",NULL,NULL,A,2,CLT_7838,NULL,1,0,106.01,D,NULL,0106-00000,"2018-02-06 12:12:13",NULL,NULL,NULL
0106-07841,"JUAN NOE AMADOR CASTILLO",NULL,NULL,A,2,CLT_7841,NULL,1,0,106.01,D,NULL,0106-00000,"2018-02-06 12:12:13",NULL,NULL,NULL
0106-07842,"SUAN FARMA MEXICO S.A. DE C.V.",NULL,NULL,A,2,CLT_7842,NULL,1,0,106.01,D,NULL,0106-00000,"2018-02-06 12:12:13",NULL,NULL,NULL
0106-07843,"GRUAS GONZALEZ TENANGO S.A. DE C.V.",NULL,NULL,A,2,CLT_7843,NULL,1,0,106.01,D,NULL,0106-00000,"2018-02-06 12:12:13",NULL,NULL,NULL
0106-07844,"DACHSER DE MEXICO S.A. DE C.V.",NULL,NULL,A,2,CLT_7844,NULL,1,0,106.01,D,NULL,0106-00000,"2018-02-06 12:12:13",NULL,NULL,NULL
0106-07846,"MARPOSS AEROSPACE MEXICO S.A. DE C.V.",NULL,NULL,A,2,CLT_7846,NULL,1,0,106.01,D,NULL,0106-00000,"2018-02-08 16:25:19",NULL,NULL,NULL
0106-07847,"COMERCIALIZADORA CENTURY RECYCLING, S.A. DE C.V.",NULL,NULL,A,2,CLT_7847,NULL,1,0,106.01,D,NULL,0106-00000,"2018-02-23 10:21:21",NULL,NULL,NULL
0106-07848,"HOME LINK DE MEXICO, S.A. DE C.V.",NULL,NULL,A,2,CLT_7848,NULL,1,0,106.01,D,NULL,0106-00000,"2018-02-07 16:45:33",NULL,NULL,NULL
0106-07849,"FABPSA DIVISION NO CARNICOS S.A. DE C.V.",NULL,NULL,A,2,CLT_7849,NULL,1,0,106.01,D,NULL,0106-00000,"2018-02-28 12:03:49",NULL,NULL,NULL
0106-07850,"EFICIENCIA THERMOE S.A. DE C.V.",NULL,NULL,A,2,CLT_7850,NULL,1,0,106.01,D,NULL,0106-00000,"2018-02-27 16:38:47",NULL,NULL,NULL
0106-07851,"TINTES DEPOT S.A. DE C.V.",NULL,NULL,A,2,CLT_7851,NULL,1,0,106.01,D,NULL,0106-00000,"2018-03-07 13:18:03",NULL,NULL,NULL
0106-07852,"LABINTEC S.A. DE C.V.",NULL,NULL,A,2,CLT_7852,NULL,1,0,106.01,D,NULL,0106-00000,"2018-03-05 12:37:30",NULL,NULL,NULL
0110-00000,"PAGOS HECHOS POR CUENTA DEL CLIENTE",NULL,NULL,A,1,NULL,NULL,1,0,217,D,NULL,NULL,NULL,NULL,NULL,NULL
0110-00001,"IMPUESTOS",NULL,NULL,A,2,NULL,NULL,1,1,217.01,D,NULL,0110-00000,NULL,NULL,NULL,NULL
0110-00002,"FLETES TERRESTRES",NULL,NULL,A,2,NULL,NULL,1,1,217.01,D,NULL,0110-00000,NULL,NULL,NULL,NULL
0110-00003,"CORRESPONSAL",NULL,NULL,A,2,NULL,NULL,1,1,217.01,D,NULL,0110-00000,NULL,NULL,NULL,NULL
0110-00004,"FLETE AEREO",NULL,NULL,A,2,NULL,NULL,1,1,217.01,D,NULL,0110-00000,NULL,NULL,NULL,NULL
0110-00005,"FLETE MARITIMO",NULL,NULL,A,2,NULL,NULL,1,1,217.01,D,NULL,0110-00000,NULL,NULL,NULL,NULL
0110-00006,"ALMACENAJE",NULL,NULL,A,2,NULL,NULL,1,1,217.01,D,NULL,0110-00000,NULL,NULL,NULL,NULL
0110-00007,"DESCONSOLIDACION",NULL,NULL,A,2,NULL,NULL,1,1,217.01,D,NULL,0110-00000,NULL,NULL,NULL,NULL
0110-00008,"MONTACARGAS",NULL,NULL,A,2,NULL,NULL,1,1,217.01,D,NULL,0110-00000,NULL,NULL,NULL,NULL
0110-00009,"MANIOBRAS",NULL,NULL,A,2,NULL,NULL,1,1,217.01,D,NULL,0110-00000,NULL,NULL,NULL,NULL
0110-00010,"MUELLAJE",NULL,NULL,A,2,NULL,NULL,1,1,217.01,D,NULL,0110-00000,NULL,NULL,NULL,NULL
0110-00011,"OTROS GASTOS COMPROBADOS",NULL,NULL,A,2,NULL,NULL,1,1,217.01,D,NULL,0110-00000,NULL,NULL,NULL,NULL
0110-00012,"RECTIFICACION DE PEDIMENTO",NULL,NULL,A,2,NULL,NULL,1,1,217.01,D,NULL,0110-00000,NULL,NULL,NULL,NULL
0110-00013,"PREVIO",NULL,NULL,A,2,NULL,NULL,1,1,217.01,D,NULL,0110-00000,NULL,NULL,NULL,NULL
0110-00014,"RECONOCIMIENTO ADUANERO",NULL,NULL,A,2,NULL,NULL,1,1,217.01,D,NULL,0110-00000,NULL,NULL,NULL,NULL
0110-00015,"LAVADO DE CONTENEDOR",NULL,NULL,A,2,NULL,NULL,1,1,217.01,D,NULL,0110-00000,NULL,NULL,NULL,NULL
0110-00016,"PAGO HECHOS POR CUENTA DEL CLIENTE",NULL,NULL,A,2,NULL,NULL,1,0,217,D,NULL,0110-00000,"2018-01-08 12:38:43",NULL,NULL,NULL
0119-00000,"IMPUESTOS ACREDITABLES POR PAGAR",NULL,NULL,A,1,NULL,NULL,1,0,119,D,NULL,NULL,NULL,NULL,NULL,NULL
0119-00001,"IVA PENDIENTE DE PAGO",NULL,NULL,A,2,NULL,NULL,1,1,119.01,D,NULL,0119-00000,NULL,NULL,NULL,NULL
0120-00000,"ANTICIPO A PROVEEDOR",NULL,NULL,A,1,NULL,NULL,1,0,120,D,NULL,NULL,NULL,NULL,NULL,NULL
0120-00001,"AMERICAN EXPRESS",NULL,NULL,A,2,NULL,NULL,1,1,120.01,D,NULL,0120-00000,NULL,NULL,NULL,NULL
0120-00002,"REDPACK",NULL,NULL,A,2,NULL,NULL,1,1,120,A,NULL,0120-00000,NULL,NULL,NULL,NULL
0120-00003,"VERACRUZANA DE MOTOS SA DE CV",NULL,NULL,A,2,NULL,NULL,1,1,120,D,NULL,0120-00000,NULL,NULL,NULL,NULL
0120-00004,"DIFRENOSA SA DE CV",NULL,NULL,A,2,NULL,NULL,1,1,120,D,NULL,0120-00000,NULL,NULL,NULL,NULL
0120-00005,"ANGEL RENE DELGADO PEREA",NULL,NULL,A,2,NULL,NULL,1,1,120,D,NULL,0120-00000,NULL,NULL,NULL,NULL
0120-00006,"FERROSUR SA DE CV",NULL,NULL,A,2,NULL,NULL,1,1,120,D,NULL,0120-00000,NULL,NULL,NULL,NULL
0120-00007,"INMOBILIARIA LOS REYES FIASA SA DE CV",NULL,NULL,A,2,NULL,NULL,1,1,120,D,NULL,0120-00000,NULL,NULL,NULL,NULL
0120-00008,"AGENCIA ADUANAL OLTRA JIMENEZ",NULL,NULL,A,2,NULL,NULL,1,1,120,D,NULL,0120-00000,NULL,NULL,NULL,NULL
0120-00009,"CARLOS ALVAREZ Y CIA SC",NULL,NULL,A,2,NULL,NULL,1,1,120,D,NULL,0120-00000,NULL,NULL,NULL,NULL
0120-00010,"Maria Cristina Solis Hernandez",NULL,NULL,A,2,NULL,NULL,1,1,120,D,NULL,0120-00000,NULL,NULL,NULL,NULL
0120-00011,"CONVERGENCIA VOZ Y DATOS S,A DE C,V.",NULL,NULL,A,2,NULL,NULL,1,1,120,D,NULL,0120-00000,NULL,NULL,NULL,NULL
0120-00012,"DANIELA VILLAVERDE MEJIA",NULL,NULL,A,2,NULL,NULL,1,1,120,D,NULL,0120-00000,NULL,NULL,NULL,NULL
0120-00013,"SISTEMAS CONTINO SA DE CV",NULL,NULL,A,2,NULL,NULL,1,1,120,D,NULL,0120-00000,NULL,NULL,NULL,NULL
0120-00014,"SICE LAREDO",NULL,NULL,A,2,NULL,NULL,1,1,120,D,NULL,0120-00000,NULL,NULL,NULL,NULL
0120-00015,"IGL COMERCIO EXTERIOR R SC",NULL,NULL,A,2,NULL,NULL,1,1,120,D,NULL,0120-00000,NULL,NULL,NULL,NULL
0120-00016,"ORGCN DESARR Y DIANETICA AC",NULL,NULL,A,2,NULL,NULL,1,1,120,D,NULL,0120-00000,NULL,NULL,NULL,NULL
0120-00017,"Jose Rodolfo Villaverde Villanueva",NULL,NULL,A,2,NULL,NULL,1,1,120,D,NULL,0120-00000,NULL,NULL,NULL,NULL
0120-00018,"QUALITAS COMPAÑIA DE SEGUROS S.A.B DE C.V.",NULL,NULL,A,2,NULL,NULL,1,1,120,D,NULL,0120-00000,NULL,NULL,NULL,NULL
0120-00019,"INTERNACIONAL DE CONTENEDORES ASOCIADOS DE VERACRUZ SA DE CV",NULL,NULL,A,2,NULL,NULL,1,1,120,D,NULL,0120-00000,NULL,NULL,NULL,NULL
0120-00020,"Silvia Castro Cruz",NULL,NULL,A,2,NULL,NULL,1,1,120,D,NULL,0120-00000,NULL,NULL,NULL,NULL
0120-00021,"OFFICE DEPOT DE MEXICO SA DE CV",NULL,NULL,A,2,NULL,NULL,1,1,120,D,NULL,0120-00000,NULL,NULL,NULL,NULL
0120-00022,"Grupo EI Lazaro Cardenas SC",NULL,NULL,A,2,NULL,NULL,1,1,120,D,NULL,0120-00000,NULL,NULL,NULL,NULL
0120-00023,"Gobierno de la Ciudad de México",NULL,NULL,A,2,NULL,NULL,1,1,120,D,NULL,0120-00000,NULL,NULL,NULL,NULL
0120-00024,"Reyes Huerta SA de CV",NULL,NULL,A,2,NULL,NULL,1,1,120,D,NULL,0120-00000,NULL,NULL,NULL,NULL
0120-00025,"Global System carga de Mexico sa de cv",NULL,NULL,A,2,NULL,NULL,1,1,120,D,NULL,0120-00000,NULL,NULL,NULL,NULL
0120-00026,"Jesús Gabriel Pita Dominguez",NULL,NULL,A,2,NULL,NULL,1,1,120,D,NULL,0120-00000,NULL,NULL,NULL,NULL
0120-00027,"Almacenadora Golmex SA de CV",NULL,NULL,A,2,NULL,NULL,1,0,120,D,NULL,0120-00000,NULL,NULL,NULL,NULL
0120-00028,"SERVICIOS EFICIENTES DE CARTERA S. D",NULL,NULL,A,2,NULL,NULL,1,0,120,D,NULL,0120-00000,NULL,NULL,NULL,NULL
0120-00029,"GRUPO EI LAZARO CARDENAS S.C",NULL,NULL,A,2,NULL,NULL,1,1,120,D,NULL,0120-00000,NULL,NULL,NULL,NULL
0120-00030,"SECRETARIA DE COMUNICACIONES Y TRANSPORTES",NULL,NULL,A,2,NULL,NULL,1,1,120,D,NULL,0120-00000,NULL,NULL,NULL,NULL
0120-00031,"PLAZA AUTOMOTORES, S.A. DE C.V.",NULL,NULL,A,2,NULL,NULL,1,1,120,D,NULL,0120-00000,NULL,NULL,NULL,NULL
0120-00032,"MARTHA JUDITH HERNANDEZ GRAJALES",NULL,NULL,A,2,NULL,NULL,1,NULL,120,D,NULL,0120-00000,NULL,NULL,NULL,NULL
0120-00033,"I D MEXICO SA DE CV",NULL,NULL,A,2,NULL,NULL,1,NULL,120,D,NULL,0120-00000,NULL,NULL,NULL,NULL
0120-00034,"PETROFUEL SA DE CV",NULL,NULL,A,2,NULL,NULL,1,NULL,120.01,D,NULL,0120-00000,NULL,NULL,NULL,NULL
0120-00035,"AGENCIA ADUANAL SANTIAGO GARIBAY Y SUCESORES SA DE CV",NULL,NULL,A,2,NULL,NULL,1,NULL,120,D,NULL,0120-00000,NULL,NULL,NULL,NULL
0120-00036,"PROMOCIONALES EXPO MONTERREY",NULL,NULL,A,2,NULL,NULL,1,NULL,120,D,NULL,0120-00000,NULL,NULL,NULL,NULL
0120-00037,"FIDEICOMISO F/1596",NULL,NULL,A,2,NULL,NULL,1,NULL,120,D,NULL,0120-00000,NULL,NULL,NULL,NULL
0120-00038,"PRECOFI S.C.",NULL,NULL,A,2,NULL,NULL,1,NULL,120,D,NULL,0120-00000,NULL,NULL,NULL,NULL
0120-00039,"DELL MEXICO",NULL,NULL,A,2,NULL,NULL,1,NULL,120,D,NULL,0120-00000,NULL,NULL,NULL,NULL
0120-00040,"PROMOTORA TURISTICA BALES S.A. DE C.V.",NULL,NULL,A,2,NULL,NULL,1,NULL,120,D,NULL,0120-00000,NULL,NULL,NULL,NULL
0120-00041,"TENANT S DE RL DE CV",NULL,NULL,A,2,NULL,NULL,1,1,120,D,NULL,0120-00000,NULL,NULL,NULL,NULL
0120-00042,"SERVICIOS LMT DE MEXICO S DE RL DE CV",NULL,NULL,A,2,NULL,NULL,1,0,120.01,D,NULL,0120-00000,NULL,NULL,NULL,NULL
0120-00043,"MUELLES Y TRACTORES DE LAREDO SA DE CV",NULL,NULL,A,2,NULL,NULL,1,1,120.01,D,NULL,0120-00000,NULL,NULL,NULL,NULL
0120-00044,"CACHUCHAS Y PLAYERAS BETO S.A. DE C.V.",NULL,NULL,A,2,NULL,NULL,1,0,120,D,NULL,0120-00000,NULL,NULL,NULL,NULL
0120-00045,"MIRIAM MARIBEL LOPEZ MARQUEZ",NULL,NULL,A,2,NULL,NULL,1,0,206,D,NULL,0120-00000,NULL,NULL,NULL,NULL
0120-00046,"AT T COMERCIALIZACION MOVIL S DE RL",NULL,NULL,A,2,NULL,NULL,1,0,120,D,NULL,0120-00000,NULL,NULL,NULL,NULL
0120-00047,"BUFETE ALATORRE MENDIETA, S.C.",NULL,NULL,A,2,NULL,NULL,1,0,120,D,NULL,0120-00000,NULL,NULL,NULL,NULL
0120-00048,"Confederación Latinoamericana de Agentes Aduanales SA de CV",NULL,NULL,A,2,NULL,NULL,1,1,120,D,NULL,0120-00000,"2017-10-05 09:54:17",NULL,NULL,NULL
0120-00049,"EDUARDO JAVIER SANTOS",NULL,NULL,A,2,NULL,NULL,1,1,120.01,D,NULL,0120-00000,"2017-10-24 14:35:49",NULL,NULL,NULL
0120-00050,"ASESORIA ARANCELARIA EN CLASIFICACION DE QUIMICOS, S.C.",NULL,NULL,A,2,NULL,NULL,1,1,120.01,A,NULL,0120-00000,"2017-10-26 17:12:55",NULL,NULL,NULL
0120-00051,"MOISES ALBERTO SEGOVIA TAVERA COTA",NULL,NULL,A,2,NULL,NULL,1,1,120.01,A,NULL,0120-00000,"2017-11-06 15:03:33",NULL,NULL,NULL
0120-00052,"AUTOS PULLMAN, S.A. DE C.V.",NULL,NULL,A,2,NULL,NULL,1,0,120,D,NULL,0120-00000,"2017-12-01 16:02:25",NULL,NULL,NULL
0120-00053,"SARA GARCIA VALDEZ",NULL,NULL,A,2,NULL,NULL,1,0,120,D,NULL,0120-00000,"2017-12-13 14:17:43",NULL,NULL,NULL
0120-00054,"ROGELIO JAVIER SOTO GONZALEZ",NULL,NULL,A,2,NULL,NULL,1,0,120.01,D,NULL,0120-00000,"2018-01-04 13:12:04",NULL,NULL,NULL
0120-00055,"MULTISERVICIOS MURANO DE NUEVO LAREDO S. DE R.L. MI.",NULL,NULL,A,2,NULL,NULL,1,0,120,D,NULL,0120-00000,"2018-01-31 11:23:40",NULL,NULL,NULL
0120-00056,"LAREDO AUTOS SA DE CV",NULL,NULL,A,2,NULL,NULL,1,0,120.01,D,NULL,0120-00000,"2018-02-06 13:02:12",NULL,NULL,NULL
0120-00057,"MARIA GUADALUPE BARBERENA AGUIRRE",NULL,NULL,A,2,NULL,NULL,1,0,120.01,D,NULL,0120-00000,"2018-02-07 02:12:13",NULL,NULL,NULL
0120-00058,"IDEAAA S.C.",NULL,NULL,A,2,NULL,NULL,1,0,120,D,NULL,0120-00000,"2018-02-13 15:16:42",NULL,NULL,NULL
0120-00059,"GABRIEL MARTINEZ RAYA",NULL,NULL,A,2,NULL,NULL,1,0,120,D,NULL,0120-00000,"2018-02-14 17:46:23",NULL,NULL,NULL
0120-00060,"JOSE GUADALUPE BAUTISTA MONTOYA",NULL,NULL,A,2,NULL,NULL,1,0,120.01,A,NULL,0120-00000,"2018-04-09 12:49:03",NULL,NULL,NULL
0120-00061,"INSTITUTO TECNOLOGICO DE DIANETICA AC",NULL,NULL,A,2,NULL,NULL,1,0,120.01,A,NULL,0120-00000,"2018-04-09 12:50:53",NULL,NULL,NULL
0120-00062,"UNIVERSIDAD MEXICANA PLANTEL VERACRUZ, S.C.",NULL,NULL,A,2,NULL,NULL,1,0,120,A,NULL,0120-00000,"2018-04-09 15:19:19",NULL,NULL,NULL
0120-00063,"MULTILIMPIO DEL NORTE SA DE CV",NULL,NULL,A,2,NULL,NULL,1,0,120,D,NULL,0120-00000,"2018-04-24 09:22:26",NULL,NULL,NULL
0147-00000,"MOBILIARIO Y EQUIPO DE OFICINA",NULL,NULL,A,1,NULL,NULL,1,0,155,D,NULL,NULL,NULL,NULL,NULL,NULL
0147-00001,"MOBILIARIO Y EQUIPO DE OFICINA",NULL,NULL,A,2,NULL,NULL,1,1,155.01,D,NULL,0147-00000,NULL,NULL,NULL,NULL
0148-00000,"EQUIPO DE COMPUTO",NULL,NULL,A,1,NULL,NULL,1,0,156,D,NULL,NULL,NULL,NULL,NULL,NULL
0148-00001,"EQUIPO DE COMPUTO",NULL,NULL,A,2,NULL,NULL,1,1,156.01,D,NULL,0148-00000,NULL,NULL,NULL,NULL
0149-00000,"EQUIPO DE TRANSPORTE",NULL,NULL,A,1,NULL,NULL,1,0,154,D,NULL,NULL,NULL,NULL,NULL,NULL
0149-00001,"EQUIPO DE TRANSPORTE",NULL,NULL,A,2,NULL,NULL,1,1,154.01,D,NULL,0149-00000,NULL,NULL,NULL,NULL
0150-00000,"EQUIPO DE COMUNICACIÓN",NULL,NULL,A,1,NULL,NULL,1,0,157,D,NULL,NULL,NULL,NULL,NULL,NULL
0150-00001,"EQUIPO DE COMUNICACIÓN",NULL,NULL,A,2,NULL,NULL,1,1,157.01,D,NULL,0150-00000,NULL,NULL,NULL,NULL
0151-00000,"DEPRECIACION ACUMULADA",NULL,NULL,A,1,NULL,NULL,1,0,171,A,NULL,NULL,NULL,NULL,NULL,NULL
0151-00001,"DEPREC ACUM EQ OFICINA",NULL,NULL,A,2,NULL,NULL,1,1,171.04,A,NULL,0151-00000,NULL,NULL,NULL,NULL
0151-00002,"DEPREC ACUM EQ COMPUTO",NULL,NULL,A,2,NULL,NULL,1,1,171.05,A,NULL,0151-00000,NULL,NULL,NULL,NULL
0151-00003,"DEPREC ACUM EQ TRANSPORTE",NULL,NULL,A,2,NULL,NULL,1,1,171.03,A,NULL,0151-00000,NULL,NULL,NULL,NULL
0151-00004,"DEPREC ACUM EQ COMUNICACION",NULL,NULL,A,2,NULL,NULL,1,0,171.06,A,NULL,0151-00000,NULL,NULL,NULL,NULL
0165-00000,"DEPOSITOS EN GARANTIA",NULL,NULL,A,1,NULL,NULL,1,0,184,D,NULL,NULL,NULL,NULL,NULL,NULL
0165-00001,"DEPOSITOS EN GARANTIA",NULL,NULL,A,2,NULL,NULL,1,1,184.03,D,NULL,0165-00000,NULL,NULL,NULL,NULL
0165-00002,"MEDITERRANEA SHIPPING COMPANY",NULL,NULL,A,2,NULL,NULL,1,1,184.03,D,NULL,0165-00000,NULL,NULL,NULL,NULL
0165-00003,"INTERCAM CASA DE CAMBIO SA DE CV",NULL,NULL,A,2,NULL,NULL,1,1,184.03,D,NULL,0165-00000,NULL,NULL,NULL,NULL
0165-00004,"HAPAG LLOYD MEXICO SA DE CV",NULL,NULL,A,2,NULL,NULL,1,1,184.03,D,NULL,0165-00000,NULL,NULL,NULL,NULL
0165-00005,"ALTAMARITIMA SA DE CV",NULL,NULL,A,2,NULL,NULL,1,1,184.03,D,NULL,0165-00000,NULL,NULL,NULL,NULL
0165-00006,"AGENCIAS  GRUPO CSAV MEXICO SA DE CV",NULL,NULL,A,2,NULL,NULL,1,1,184.03,D,NULL,0165-00000,NULL,NULL,NULL,NULL
0165-00007,"BANCO MONEX SA DE CV",NULL,NULL,A,2,NULL,NULL,1,1,184.03,D,NULL,0165-00000,NULL,NULL,NULL,NULL
0165-00008,"FUNDACION XOCHITLA AC",NULL,NULL,A,2,NULL,NULL,1,1,184.03,D,NULL,0165-00000,NULL,NULL,NULL,NULL
0165-00009,"SEPLAFI SC Y/O BILLETE DEPOSITO",NULL,NULL,A,2,NULL,NULL,1,0,184.03,D,NULL,0165-00000,NULL,NULL,NULL,NULL
0165-00010,"Hanjin Shipping México SA de CV",NULL,NULL,A,2,NULL,NULL,1,1,184,A,NULL,0165-00000,NULL,NULL,NULL,NULL
0165-00011,"CORPORATIVO MOL DE MEXICO SA DE CV",NULL,NULL,A,2,NULL,NULL,1,1,184,D,NULL,0165-00000,NULL,NULL,NULL,NULL
0165-00012,"NAVIOMAR S.A. DE C.V.",NULL,NULL,A,2,NULL,NULL,1,1,184,D,NULL,0165-00000,NULL,NULL,NULL,NULL
0165-00013,"American Presiden Lines",NULL,NULL,A,2,NULL,NULL,1,1,184,D,NULL,0165-00000,NULL,NULL,NULL,NULL
0165-00014,"Welldex, SA de CV",NULL,NULL,A,2,NULL,NULL,1,NULL,184,D,NULL,0165-00000,NULL,NULL,NULL,NULL
0165-00015,"IGL COMERCIO EXTERIOR SC",NULL,NULL,A,2,NULL,NULL,1,NULL,184,D,NULL,0165-00000,NULL,NULL,NULL,NULL
0165-00016,"Maersk México S.A. de C.V.",NULL,NULL,A,2,NULL,NULL,1,NULL,184,D,NULL,0165-00000,NULL,NULL,NULL,NULL
0165-00017,"NYK de México, S.A. de C.V.",NULL,NULL,A,2,NULL,NULL,1,NULL,184,D,NULL,0165-00000,NULL,NULL,NULL,NULL
0165-00018,"HECTOR OLVERA VAZQUEZ",NULL,NULL,A,2,NULL,NULL,1,NULL,184,D,NULL,0165-00000,NULL,NULL,NULL,NULL
0165-00019,"TENANT, S DE R.L. DE C.V. (WE WORK)",NULL,NULL,A,2,NULL,NULL,1,NULL,184,D,NULL,0165-00000,NULL,NULL,NULL,NULL
0165-00020,"COSCO SHIPPING LINES MEXICO S DE RL DE CV",NULL,NULL,A,2,NULL,NULL,1,1,184,D,NULL,0165-00000,"2017-10-02 17:20:07",NULL,NULL,NULL
0165-00021,"FMS LOGISTICS MEXICO S DE RL DE CV",NULL,NULL,A,2,NULL,NULL,1,0,184,D,NULL,0165-00000,"2018-03-01 10:49:38",NULL,NULL,NULL
0165-00022,"arrendamiento de bienes inmuebles (Rocio Aguilar Arias )",NULL,NULL,A,2,NULL,NULL,1,0,184,D,NULL,0165-00000,"2018-03-13 13:23:33",NULL,NULL,NULL
0167-00000,"IMPUESTOS POR ACREDITAR",NULL,NULL,A,1,NULL,NULL,1,0,113,D,NULL,NULL,NULL,NULL,NULL,NULL
0167-00001,"IMPUESTOS SOBRE LA RENTA MENSUAL",NULL,NULL,A,2,NULL,NULL,1,1,114.01,D,NULL,0167-00000,NULL,NULL,NULL,NULL
0167-00002,"IMPUESTO AL ACTIVO",NULL,NULL,A,2,NULL,NULL,1,0,113.05,D,NULL,0167-00000,NULL,NULL,NULL,NULL
0167-00003,"SUBSIDIO AL EMPLEO",NULL,NULL,A,2,NULL,NULL,1,1,113.06,D,NULL,0167-00000,NULL,NULL,NULL,NULL
0167-00004,"IMPUESTO SUSTITUTIVO DE CREDITO AL SALARIO",NULL,NULL,A,2,NULL,NULL,1,1,113.06,D,NULL,0167-00000,NULL,NULL,NULL,NULL
0167-00005,"IVA RETENIDO",NULL,NULL,A,2,NULL,NULL,1,1,113.08,D,NULL,0167-00000,NULL,NULL,NULL,NULL
0167-00006,"IDE POR ACREDITAR",NULL,NULL,A,2,NULL,NULL,1,1,113.04,D,NULL,0167-00000,NULL,NULL,NULL,NULL
0167-00007,"IETU MENSUAL",NULL,NULL,A,2,NULL,NULL,1,1,113.03,D,NULL,0167-00000,NULL,NULL,NULL,NULL
0167-00008,"ISR RETENIDO POR INVERSIONES",NULL,NULL,A,2,NULL,NULL,1,1,113.08,D,NULL,0167-00000,NULL,NULL,NULL,NULL
0167-00009,"IMPUESTO SOBRE HOSPEDAJE",NULL,NULL,A,2,NULL,NULL,1,1,113.08,D,NULL,0167-00000,NULL,NULL,NULL,NULL
0167-00010,"iva a favor",NULL,NULL,A,2,NULL,NULL,1,0,113,D,NULL,0167-00000,NULL,NULL,NULL,NULL
0168-00000,"IVA POR ACREDITAR",NULL,NULL,A,1,NULL,NULL,1,0,118,D,NULL,NULL,NULL,NULL,NULL,NULL
0168-00001,"IVA POR ACREDITAR (PAGADO)",NULL,NULL,A,2,NULL,NULL,0,1,118.01,D,NULL,0168-00000,NULL,NULL,NULL,NULL
0168-00002,"IVA ACREDITABLE (POR PAGAR)",NULL,NULL,A,2,NULL,NULL,0,1,119.01,D,NULL,0168-00000,NULL,NULL,NULL,NULL
0168-00003,"IVA ACREDITABLE AL 10",NULL,NULL,A,2,NULL,NULL,0,1,118.01,D,NULL,0168-00000,NULL,NULL,NULL,NULL
0168-00004,"IVA ACREDITABLE AL 10 (POR PAGAR)",NULL,NULL,A,2,NULL,NULL,0,1,119.01,D,NULL,0168-00000,NULL,NULL,NULL,NULL
0168-00005,"IVA ACREDITABLE AL 16(PAGADO)",NULL,NULL,A,2,NULL,NULL,1,1,118.01,D,NULL,0168-00000,NULL,NULL,NULL,NULL
0168-00006,"IVA ACREDITABLE AL 16 (POR PAGAR)",NULL,NULL,A,2,NULL,NULL,1,1,119.01,D,NULL,0168-00000,NULL,NULL,NULL,NULL
0168-00007,"IVA ACREDITABLE AL 11 (PAGADO)",NULL,NULL,A,2,NULL,NULL,1,1,118.01,D,NULL,0168-00000,NULL,NULL,NULL,NULL
0168-00008,"IVA ACREDITABLE AL 11 (POR PAGAR)",NULL,NULL,A,2,NULL,NULL,1,1,119.01,D,NULL,0168-00000,NULL,NULL,NULL,NULL
0169-00000,"PAGOS ANTICIPADOS",NULL,NULL,A,1,NULL,NULL,1,0,109,D,NULL,NULL,NULL,NULL,NULL,NULL
0170-00000,"AMORTIZACION PAGOS ANTICIPADOS",NULL,NULL,A,1,NULL,NULL,1,0,109.23,D,NULL,NULL,NULL,NULL,NULL,NULL
0171-00000,"IMPUESTOS A FAVOR",NULL,NULL,A,1,NULL,NULL,1,0,113,D,NULL,NULL,NULL,NULL,NULL,NULL
0171-00001,"ISR ANUAL",NULL,NULL,A,2,NULL,NULL,1,1,113.02,D,NULL,0171-00000,NULL,NULL,NULL,NULL
0201-00000,"IMPUESTOS POR PAGAR",NULL,NULL,P,1,NULL,NULL,1,0,216,A,NULL,NULL,NULL,NULL,NULL,NULL
0201-00001,"I.S.P.T.",NULL,NULL,P,2,NULL,NULL,1,1,216.01,A,NULL,0201-00000,NULL,NULL,NULL,NULL
0201-00002,"IVA RETENIDO A PROFESIONISTAS",NULL,NULL,P,2,NULL,NULL,1,1,216.10,A,NULL,0201-00000,NULL,NULL,NULL,NULL
0201-00003,"IVA RETENIDO SOBRE ARRENDAMIENTO",NULL,NULL,P,2,NULL,NULL,1,1,216.10,A,NULL,0201-00000,NULL,NULL,NULL,NULL
0201-00004,"IVA RETENIDO A TRANSPORTISTAS",NULL,NULL,P,2,NULL,NULL,1,1,216.10,A,NULL,0201-00000,NULL,NULL,NULL,NULL
0201-00005,"ISR HON ASIMILABLES A SALARIOS",NULL,NULL,P,2,NULL,NULL,1,1,216.02,A,NULL,0201-00000,NULL,NULL,NULL,NULL
0201-00006,"10% RETENCION SOBRE HONORARIOS",NULL,NULL,P,2,NULL,NULL,1,1,216.04,A,NULL,0201-00000,NULL,NULL,NULL,NULL
0201-00007,"10% RETENCION SOBRE ARRENDAMIENTO",NULL,NULL,P,2,NULL,NULL,1,1,216.03,A,NULL,0201-00000,NULL,NULL,NULL,NULL
0201-00008,"RETENCION ALIJADORES",NULL,NULL,P,2,NULL,NULL,1,0,216.12,A,NULL,0201-00000,NULL,NULL,NULL,NULL
0201-00009,"I.M.S.S.",NULL,NULL,P,2,NULL,NULL,1,1,216.11,A,NULL,0201-00000,NULL,NULL,NULL,NULL
0201-00010,"S.A.R.",NULL,NULL,P,2,NULL,NULL,1,1,211.02,A,NULL,0201-00000,NULL,NULL,NULL,NULL
0201-00011,"INFONAVIT",NULL,NULL,P,2,NULL,NULL,1,1,211.03,A,NULL,0201-00000,NULL,NULL,NULL,NULL
0201-00012,"2% SOBRE NOMINAS",NULL,NULL,P,2,NULL,NULL,1,0,212.01,A,NULL,0201-00000,NULL,NULL,NULL,NULL
0201-00013,"5% IMPUESTO SUSTITUTIVO",NULL,NULL,P,2,NULL,NULL,1,0,216.12,A,NULL,0201-00000,NULL,NULL,NULL,NULL
0201-00014,"ISR ANUAL",NULL,NULL,P,2,NULL,NULL,1,1,213.03,A,NULL,0201-00000,NULL,NULL,NULL,NULL
0201-00015,"PROVISION ISR MENSUAL",NULL,NULL,P,2,NULL,NULL,1,1,213.07,A,NULL,0201-00000,NULL,NULL,NULL,NULL
0201-00016,"FONACOT",NULL,NULL,P,2,NULL,NULL,1,1,205.02,A,NULL,0201-00000,NULL,NULL,NULL,NULL
0201-00017,"PROVISION IETU MENSUAL",NULL,NULL,P,2,NULL,NULL,1,1,213.07,A,NULL,0201-00000,NULL,NULL,NULL,NULL
0201-00018,"RENTA",NULL,NULL,P,2,NULL,NULL,1,1,213.07,A,NULL,0201-00000,NULL,NULL,NULL,NULL
0201-00019,"ACTUALIZACION ( COMPENSACION)",NULL,NULL,P,2,NULL,NULL,1,1,213.07,A,NULL,0201-00000,NULL,NULL,NULL,NULL
0201-00020,"IVA POR PAGAR",NULL,NULL,P,2,NULL,NULL,1,1,213.01,A,NULL,0201-00000,NULL,NULL,NULL,NULL
0201-00021,PTU,NULL,NULL,P,2,NULL,NULL,1,0,216,A,NULL,0201-00000,"2018-03-30 00:53:48",NULL,NULL,NULL
0202-00000,"I.V.A. POR PAGAR",NULL,NULL,P,1,NULL,NULL,1,0,208,A,NULL,NULL,NULL,NULL,NULL,NULL
0202-00001,"I.V.A. POR PAGAR",NULL,NULL,P,2,NULL,NULL,1,1,208.01,A,NULL,0202-00000,NULL,NULL,NULL,NULL
0202-00002,"I.V.A. POR PAGAR AL 16",NULL,NULL,P,2,NULL,NULL,1,1,208.01,A,NULL,0202-00000,NULL,NULL,NULL,NULL
0202-00003,"I.V.A. POR PAGAR AL 11",NULL,NULL,P,2,NULL,NULL,1,1,208.01,A,NULL,0202-00000,NULL,NULL,NULL,NULL
0202-00004,"I.V.A EFECTIVAMENTE PAGADO AL 16",NULL,NULL,P,2,NULL,NULL,1,1,208.01,A,NULL,0202-00000,NULL,NULL,NULL,NULL
0202-00005,"I.V.A EFECTIVAMENTE PAGADO AL 11",NULL,NULL,P,2,NULL,NULL,1,1,208.01,A,NULL,0202-00000,NULL,NULL,NULL,NULL
0202-00006,"IVA TRASLADO",NULL,NULL,P,2,NULL,NULL,1,1,207.01,A,NULL,0202-00000,NULL,NULL,NULL,NULL
0202-00007,"IVA TRASLADADO NO COBRADO",NULL,NULL,P,2,NULL,NULL,1,0,209.01,A,NULL,0202-00000,NULL,NULL,NULL,NULL
0203-0,,NULL,NULL,P,2,,NULL,1,0,202.03,A,NULL,0203-00000,"2018-02-08 10:12:13",NULL,NULL,NULL
0203-00000,"Documentos y cuentas por pagar a corto",NULL,NULL,P,1,NULL,NULL,1,0,202.03,A,NULL,NULL,"2018-02-07 17:00:43",NULL,NULL,NULL
0203-00106,"MARPOSS AEROSPACE MEXICO S.A. DE C.V.",NULL,NULL,P,2,CLT_7846,NULL,1,0,202.03,A,NULL,0203-00000,"2018-02-08 16:25:19",NULL,NULL,NULL
0203-05900,"CLIENTES DIVERSOS",NULL,NULL,P,2,CLT_5900,NULL,1,0,202.03,A,NULL,0203-00000,"2018-02-08 01:53:26",NULL,NULL,NULL
0203-06004,"MAQUINARIA ELECTRICA SAM, S. A. (NO USAR)",NULL,NULL,P,2,CLT_6004,NULL,1,0,202.03,A,NULL,0203-00000,"2018-02-08 01:53:26",NULL,NULL,NULL
0203-06016,"APPAREL MACHINERY DE MEXICO, S.A. DE C.V. (NO USAR).",NULL,NULL,P,2,CLT_6016,NULL,1,0,202.03,A,NULL,0203-00000,"2018-02-08 01:53:26",NULL,NULL,NULL
0203-06019,"FANTASIAS MIGUEL S.A. DE C.V. (NO USAR)",NULL,NULL,P,2,CLT_6019,NULL,1,0,202.03,A,NULL,0203-00000,"2018-02-08 01:53:26",NULL,NULL,NULL
0203-06020,"VISSION XXI, S.A. DE C.V.",NULL,NULL,P,2,CLT_6020,NULL,1,0,202.03,A,NULL,0203-00000,"2018-02-08 01:53:26",NULL,NULL,NULL
0203-06029,"EUROTECNICA TEXTIL, S.A. DE C.V.",NULL,NULL,P,2,CLT_6029,NULL,1,0,202.03,A,NULL,0203-00000,"2018-02-08 01:53:26",NULL,NULL,NULL
0203-06050,"INDUSTRIAS ALIMENTICIAS FABP S.A. DE C.V.",NULL,NULL,P,2,CLT_06050,NULL,1,0,202.03,A,NULL,0203-00000,"2018-02-08 01:53:26",NULL,NULL,NULL
0203-06090,"DROGUERIA COSMOPOLITA, S.A. DE C.V.",NULL,NULL,P,2,CLT_6090,NULL,1,0,202.03,A,NULL,0203-00000,"2018-02-08 01:53:26",NULL,NULL,NULL
0203-06144,"RETECMA S.A. DE C.V.V (NO USAR)",NULL,NULL,P,2,CLT_6144,NULL,1,0,202.03,A,NULL,0203-00000,"2018-02-08 01:53:26",NULL,NULL,NULL
0203-06150,"FRIAS Y LAVALLE, S.A. DE C.V.",NULL,NULL,P,2,CLT_6150,NULL,1,0,202.03,A,NULL,0203-00000,"2018-02-08 01:53:26",NULL,NULL,NULL
0203-06152,"CSJ RECUBRIMIENTOS S.A. DE C.V.",NULL,NULL,P,2,CLT_6152,NULL,1,0,202.03,A,NULL,0203-00000,"2018-02-08 01:53:26",NULL,NULL,NULL
0203-06218,"INDUSTRIAS CONMAR, S.A. DE C.V.",NULL,NULL,P,2,CLT_6218,NULL,1,0,202.03,A,NULL,0203-00000,"2018-02-08 01:53:26",NULL,NULL,NULL
0203-06267,"HOME LINK DE MEXICO, S.A. DE C.V.",NULL,NULL,P,2,CLT_6267,NULL,1,0,202.03,A,NULL,0203-00000,"2018-02-08 01:53:26",NULL,NULL,NULL
0203-06314,"HORTIKEM, S.A. DE C.V.",NULL,NULL,P,2,CLT_6314,NULL,1,0,202.03,A,NULL,0203-00000,"2018-02-08 01:53:26",NULL,NULL,NULL
0203-06358,"JOSE LUIS YAMUNI HALLAL",NULL,NULL,P,2,CLT_6358,NULL,1,0,202.03,A,NULL,0203-00000,"2018-02-08 01:53:26",NULL,NULL,NULL
0203-06375,"MAHLE SISTEMAS DE FILTRACION DE MEXICO, S.A. DE C.V.",NULL,NULL,P,2,CLT_6375,NULL,1,0,202.03,A,NULL,0203-00000,"2018-02-08 01:53:26",NULL,NULL,NULL
0203-06410,"IMPRESORA SILVAFORM, S.A. DE C.V.",NULL,NULL,P,2,CLT_6410,NULL,1,0,202.03,A,NULL,0203-00000,"2018-02-08 01:53:26",NULL,NULL,NULL
0203-06548,"MOTORES ELECTRICOS SUMERGIBLES DE MEXICO, S. DE R.L. DE C.V.",NULL,NULL,P,2,CLT_6548,NULL,1,0,202.03,A,NULL,0203-00000,"2018-02-08 01:53:26",NULL,NULL,NULL
0203-06610,"FIT&CO SOLUTIONS, S.A. DE C.V.",NULL,NULL,P,2,CLT_6610,NULL,1,0,202.03,A,NULL,0203-00000,"2018-02-08 01:53:26",NULL,NULL,NULL
0203-06625,"GUANTES VARGAS S.A. (NO USAR)",NULL,NULL,P,2,CLT_6625,NULL,1,0,202.03,A,NULL,0203-00000,"2018-02-08 01:53:26",NULL,NULL,NULL
0203-06748,"POP MEDIA TECHNOLOGY, S.A. DE C.V.",NULL,NULL,P,2,CLT_6748,NULL,1,0,202.03,A,NULL,0203-00000,"2018-02-08 01:53:26",NULL,NULL,NULL
0203-06772,"FORMAS INTELIGENTES, S.A. DE C.V.",NULL,NULL,P,2,CLT_6772,NULL,1,0,202.03,A,NULL,0203-00000,"2018-02-08 01:53:26",NULL,NULL,NULL
0203-06802,"OMEGA DISTRIBUIDORA DE HILOS, S.A DE C.V",NULL,NULL,P,2,CLT_6802,NULL,1,0,202.03,A,NULL,0203-00000,"2018-02-08 01:53:26",NULL,NULL,NULL
0203-06840,"MAHLE SISTEMAS DE FILTRACION DE MEXICO, S.A. DE C.V.",NULL,NULL,P,2,CLT_6840,NULL,1,0,202.03,A,NULL,0203-00000,"2018-02-08 01:53:26",NULL,NULL,NULL
0203-06864,"RED BULL S. DE R.L. DE C.V.",NULL,NULL,P,2,CLT_6864,NULL,1,0,202.03,A,NULL,0203-00000,"2018-02-08 01:53:26",NULL,NULL,NULL
0203-06967,"MOTORES FRANKLIN S.A. DE C.V.",NULL,NULL,P,2,CLT_6967,NULL,1,0,202.03,A,NULL,0203-00000,"2018-02-08 01:53:26",NULL,NULL,NULL
0203-06993,"EFICIENCIA THERMOE S.A. DE C.V.",NULL,NULL,P,2,CLT_6993,NULL,1,0,202.03,A,NULL,0203-00000,"2018-02-08 01:53:26",NULL,NULL,NULL
0203-07021,"CIMSA SERVICES AGENCY CORPORATION SA DE CV",NULL,NULL,P,2,CLT_7021,NULL,1,0,202.03,A,NULL,0203-00000,"2018-02-08 01:53:26",NULL,NULL,NULL
0203-07118,"ESPACIO INTELIGENTE DEL NORTE, S.A. DE C.V.",NULL,NULL,P,2,CLT_7118,NULL,1,0,202.03,A,NULL,0203-00000,"2018-02-08 01:53:26",NULL,NULL,NULL
0203-07168,"ZURITA ALEMAN CLAUDIA AURORA",NULL,NULL,P,2,CLT_7168,NULL,1,0,202.03,A,NULL,0203-00000,"2018-02-08 01:53:26",NULL,NULL,NULL
0203-07215,"CONSORCIO INTERNACIONAL SOL SA DE CV",NULL,NULL,P,2,CLT_7215,NULL,1,0,202.03,A,NULL,0203-00000,"2018-02-08 01:53:26",NULL,NULL,NULL
0203-07251,"PUERTAS FINAS DE MADERA MONTE ALBAN, S.A DE C.V.",NULL,NULL,P,2,CLT_7251,NULL,1,0,202.03,A,NULL,0203-00000,"2018-02-08 01:53:26",NULL,NULL,NULL
0203-07373,"INTERNATIONAL LOGISTICS SPEDITIONS DE MEXICO SA DE CV",NULL,NULL,P,2,CLT_7373,NULL,1,0,202.03,A,NULL,0203-00000,"2018-02-08 01:53:26",NULL,NULL,NULL
0203-07413,"ALMACENADORA GOLMEX S.A. DE C.V.",NULL,NULL,P,2,CLT_7413,NULL,1,0,202.03,A,NULL,0203-00000,"2018-02-08 01:53:26",NULL,NULL,NULL
0203-07422,"REPRINTS UNLIMITED S.A. DE C.V.",NULL,NULL,P,2,CLT_7422,NULL,1,0,202.03,A,NULL,0203-00000,"2018-02-08 01:53:26",NULL,NULL,NULL
0203-07430,"AGRO NINBA S.A. DE C.V.",NULL,NULL,P,2,CLT_7430,NULL,1,0,202.03,A,NULL,0203-00000,"2018-02-08 01:53:26",NULL,NULL,NULL
0203-07446,"GRUPO ESSCALO S.A. DE C.V.",NULL,NULL,P,2,CLT_7446,NULL,1,0,202.03,A,NULL,0203-00000,"2018-02-08 01:53:26",NULL,NULL,NULL
0203-07447,"AGILITY LOGISTICS S.A. DE C.V.",NULL,NULL,P,2,CLT_7447,NULL,1,0,202.03,A,NULL,0203-00000,"2018-02-08 01:53:26",NULL,NULL,NULL
0203-07455,"PANALPINA TRANSPORTES MUNDIALES S.A. DE C.V. (NO USAR)",NULL,NULL,P,2,CLT_7455,NULL,1,0,202.03,A,NULL,0203-00000,"2018-02-08 01:53:26",NULL,NULL,NULL
0203-07470,"ALUMINIOS Y COMPONENTES BERNAL S.A. DE C.V.",NULL,NULL,P,2,CLT_7470,NULL,1,0,202.03,A,NULL,0203-00000,"2018-02-08 01:53:26",NULL,NULL,NULL
0203-07492,"CONFECCIONES CLABECK S.A. DE C.V.",NULL,NULL,P,2,CLT_7492,NULL,1,0,202.03,A,NULL,0203-00000,"2018-02-08 01:53:26",NULL,NULL,NULL
0203-07494,"VENDOR PUBLICIDAD EXTERIOR S. DE R.L. DE C.V (NO USAR).",NULL,NULL,P,2,CLT_7494,NULL,1,0,202.03,A,NULL,0203-00000,"2018-02-08 01:53:26",NULL,NULL,NULL
0203-07509,"CONTENT ED NET S.A. DE C.V.",NULL,NULL,P,2,CLT_7509,NULL,1,0,202.03,A,NULL,0203-00000,"2018-02-08 01:53:26",NULL,NULL,NULL
0203-07514,"MAHLE COMPONENTES DE MOTOR DE MEXICO S. DE R.L. DE C.V.",NULL,NULL,P,2,CLT_7514,NULL,1,0,202.03,A,NULL,0203-00000,"2018-02-08 01:53:26",NULL,NULL,NULL
0203-07520,"REIVAX INTERNACIONAL S.A. DE C.V.",NULL,NULL,P,2,CLT_7520,NULL,1,0,202.03,A,NULL,0203-00000,"2018-02-08 01:53:26",NULL,NULL,NULL
0203-07525,"INOVAT TECHNOLOGY, S.A. DE C.V.",NULL,NULL,P,2,CLT_7525,NULL,1,0,202.03,A,NULL,0203-00000,"2018-02-08 01:53:26",NULL,NULL,NULL
0203-07528,"CAM-WORLDWIDE, S.A. DE C.V.",NULL,NULL,P,2,CLT_7528,NULL,1,0,202.03,A,NULL,0203-00000,"2018-02-08 01:53:26",NULL,NULL,NULL
0203-07549,"Q PRODUCTOS S.A. DE C.V.",NULL,NULL,P,2,CLT_7549,NULL,1,0,202.03,A,NULL,0203-00000,"2018-02-08 01:53:26",NULL,NULL,NULL
0203-07590,"REGIOMONTANA DE LUBRICANTES S.A. DE C.V.",NULL,NULL,P,2,CLT_7590,NULL,1,0,202.03,A,NULL,0203-00000,"2018-02-08 01:53:26",NULL,NULL,NULL
0203-07592,"BIOCHEM SYSTEMS S.A. DE C.V.",NULL,NULL,P,2,CLT_7592,NULL,1,0,202.03,A,NULL,0203-00000,"2018-02-08 01:53:26",NULL,NULL,NULL
0203-07621,"AUROVIDA FARMACEUTICA S.A. DE C.V.",NULL,NULL,P,2,CLT_7621,NULL,1,0,202.03,A,NULL,0203-00000,"2018-02-08 01:53:26",NULL,NULL,NULL
0203-07634,"BABCOCK & WILCOX DE MONTERREY S.A. DE C.V.",NULL,NULL,P,2,CLT_7634,NULL,1,0,202.03,A,NULL,0203-00000,"2018-02-08 01:53:26",NULL,NULL,NULL
0203-07635,"INDUSTRIAS MARTIN CUBERO, S. DE R.L. DE C.V.",NULL,NULL,P,2,CLT_7635,NULL,1,0,202.03,A,NULL,0203-00000,"2018-02-08 01:53:26",NULL,NULL,NULL
0203-07642,"PRODUCTOS FARMACEUTICOS COLLINS S.A. DE C.V.",NULL,NULL,P,2,CLT_7642,NULL,1,0,202.03,A,NULL,0203-00000,"2018-02-08 01:53:26",NULL,NULL,NULL
0203-07654,"NORTEC S.A. DE C.V.",NULL,NULL,P,2,CLT_7654,NULL,1,0,202.03,A,NULL,0203-00000,"2018-02-08 01:53:26",NULL,NULL,NULL
0203-07658,"RESTAURANTES SUNTORY S.A.",NULL,NULL,P,2,CLT_7658,NULL,1,0,202.03,A,NULL,0203-00000,"2018-02-08 01:53:26",NULL,NULL,NULL
0203-07661,"AUDIO ACUSTICA Y ELECTRONICA S.A. DE C.V.",NULL,NULL,P,2,CLT_7661,NULL,1,0,202.03,A,NULL,0203-00000,"2018-02-08 01:53:26",NULL,NULL,NULL
0203-07666,"FINOS TEXTILES DE MEXICO SA DE CV",NULL,NULL,P,2,CLT_7666,NULL,1,0,205,A,NULL,0203-00000,"2018-02-07 17:45:56",NULL,NULL,NULL
0203-07667,"MODA INFANTIL MAYORAL S.A. DE C.V.",NULL,NULL,P,2,CLT_7667,NULL,1,0,202.03,A,NULL,0203-00000,"2018-02-08 01:53:26",NULL,NULL,NULL
0203-07672,"LA NUEVA DISTRIBUIDORA DE TELAS S.A. DE C.V.",NULL,NULL,P,2,CLT_7672,NULL,1,0,202.03,A,NULL,0203-00000,"2018-02-08 01:53:26",NULL,NULL,NULL
0203-07673,"MENZIES AVIATION MEXICO S.A. DE C.V.",NULL,NULL,P,2,CLT_7673,NULL,1,0,202.03,A,NULL,0203-00000,"2018-02-08 01:53:26",NULL,NULL,NULL
0203-07678,"POWER TESTING DE MEXICO SA DE CV",NULL,NULL,P,2,CLT_7678,NULL,1,0,202.03,A,NULL,0203-00000,"2018-04-27 12:10:05",NULL,NULL,NULL
0203-07681,"HILATURAS DE LA LAGUNA S.A. DE C.V.",NULL,NULL,P,2,CLT_7681,NULL,1,0,202.03,A,NULL,0203-00000,"2018-02-08 01:53:26",NULL,NULL,NULL
0203-07684,"CORBATAS Y ACCESORIOS CORPORATIVOS MEXTIE, S.A. DE C.V.",NULL,NULL,P,2,CLT_7684,NULL,1,0,202.03,A,NULL,0203-00000,"2018-02-08 01:53:26",NULL,NULL,NULL
0203-07685,"ENSEL TECHNOLOGIES S.A. DE C.V.",NULL,NULL,P,2,CLT_7685,NULL,1,0,202.03,A,NULL,0203-00000,"2018-02-08 01:53:26",NULL,NULL,NULL
0203-07688,"RESTAURANTE SUNTORY SANTA FE, S.A. DE C.V.",NULL,NULL,P,2,CLT_7688,NULL,1,0,202.03,A,NULL,0203-00000,"2018-02-08 01:53:26",NULL,NULL,NULL
0203-07689,"SAN BARR KIDS S.A. DE C.V.",NULL,NULL,P,2,CLT_7689,NULL,1,0,202.03,A,NULL,0203-00000,"2018-02-08 01:53:26",NULL,NULL,NULL
0203-07690,"INDUSTRIAS DARIC S.A. DE C.V.",NULL,NULL,P,2,CLT_7690,NULL,1,0,202.03,A,NULL,0203-00000,"2018-02-08 01:53:26",NULL,NULL,NULL
0203-07692,"GEIKO MAIKO INDUSTRIAL S.A. DE C.V.",NULL,NULL,P,2,CLT_7692,NULL,1,0,202.03,A,NULL,0203-00000,"2018-02-08 01:53:26",NULL,NULL,NULL
0203-07695,"GRUPO AGROTECNOLOGIA MEXICO TCB E IBERFOL S.A. DE C.V.",NULL,NULL,P,2,CLT_7695,NULL,1,0,202.03,A,NULL,0203-00000,"2018-02-08 01:53:26",NULL,NULL,NULL
0203-07698,"DIGA S.A. DE C.V.",NULL,NULL,P,2,CLT_7698,NULL,1,0,202.03,A,NULL,0203-00000,"2018-02-08 01:53:26",NULL,NULL,NULL
0203-07701,"RAHUE DESARROLLOS S. DE R.L. DE C.V. (NO USAR)",NULL,NULL,P,2,CLT_7701,NULL,1,0,202.03,A,NULL,0203-00000,"2018-02-08 01:53:26",NULL,NULL,NULL
0203-07704,"COMERCIALIZADORA BELLARTE S.A. DE C.V.",NULL,NULL,P,2,CLT_7704,NULL,1,0,202.03,A,NULL,0203-00000,"2018-02-08 01:53:26",NULL,NULL,NULL
0203-07713,"HILOS POLICOLOR S.A. DE C.V.",NULL,NULL,P,2,CLT_7713,NULL,1,0,202.03,A,NULL,0203-00000,"2018-02-08 01:53:26",NULL,NULL,NULL
0203-07715,"COMERCIALIZADORA CENTURY RECYCLING, S.A. DE C.V.",NULL,NULL,P,2,CLT_7715,NULL,1,0,202.03,A,NULL,0203-00000,"2018-02-08 01:53:26",NULL,NULL,NULL
0203-07716,"GRAFICOS DEL NORTE, S.A. DE C.V.",NULL,NULL,P,2,CLT_7716,NULL,1,0,202.03,A,NULL,0203-00000,"2018-02-08 01:53:26",NULL,NULL,NULL
0203-07717,"LIENZ, S.A. DE C.V.",NULL,NULL,P,2,CLT_7717,NULL,1,0,202.03,A,NULL,0203-00000,"2018-02-08 01:53:26",NULL,NULL,NULL
0203-07720,"IMPLEMENTOS Y EQUIPOS AUTOMATICOS, S.A. DE C.V.",NULL,NULL,P,2,CLT_7720,NULL,1,0,202.03,A,NULL,0203-00000,"2018-02-08 01:53:26",NULL,NULL,NULL
0203-07721,"INDUSTRIAS DUENAS S.A. DE C.V.",NULL,NULL,P,2,CLT_7721,NULL,1,0,202.03,A,NULL,0203-00000,"2018-02-08 01:53:26",NULL,NULL,NULL
0203-07723,"BAUMGARTEN MEXICO, S.A. DE C.V.",NULL,NULL,P,2,CLT_7723,NULL,1,0,202.03,A,NULL,0203-00000,"2018-02-08 01:53:26",NULL,NULL,NULL
0203-07725,"UNION CHEMICAR DE MEXICO, S.A. DE C.V.",NULL,NULL,P,2,CLT_7725,NULL,1,0,202.03,A,NULL,0203-00000,"2018-02-08 01:53:26",NULL,NULL,NULL
0203-07735,"COMPANIA MANUFACTURERA DE ROPA ROAL, S.A. DE C.V.",NULL,NULL,P,2,CLT_7735,NULL,1,0,202.03,A,NULL,0203-00000,"2018-02-08 01:53:26",NULL,NULL,NULL
0203-07739,"OPM IMPORT, S.A. DE C.V.",NULL,NULL,P,2,CLT_7739,NULL,1,0,202.03,A,NULL,0203-00000,"2018-02-08 01:53:26",NULL,NULL,NULL
0203-07742,"KIDZANIA DE MEXICO, S.A. DE C.V.",NULL,NULL,P,2,CLT_7742,NULL,1,0,202.03,A,NULL,0203-00000,"2018-02-08 01:53:26",NULL,NULL,NULL
0203-07745,"STRATEGIA INTERAMERICANA, S.A. DE C.V.",NULL,NULL,P,2,CLT_7745,NULL,1,0,202.03,A,NULL,0203-00000,"2018-02-08 01:53:26",NULL,NULL,NULL
0203-07749,"PROLOG TRANSPORTATION, INC.",NULL,NULL,P,2,CLT_7749,NULL,1,0,202.03,A,NULL,0203-00000,"2018-02-08 01:53:26",NULL,NULL,NULL
0203-07751,"INTERNATIONAL FREIGTH FORWARDER AND ADVISOR CUSTOMS DELIVERY, S.A. DE C.V.",NULL,NULL,P,2,CLT_7751,NULL,1,0,202.03,A,NULL,0203-00000,"2018-02-08 01:53:26",NULL,NULL,NULL
0203-07752,"GRUPO DE INTERCAMBIO COMERCIAL, S.A. DE C.V.",NULL,NULL,P,2,CLT_7752,NULL,1,0,202.03,A,NULL,0203-00000,"2018-02-08 01:53:26",NULL,NULL,NULL
0203-07753,"CONFECCIONES Y DISENOS DE PUEBLA, S.A. DE C.V.",NULL,NULL,P,2,CLT_7753,NULL,1,0,202.03,A,NULL,0203-00000,"2018-02-08 01:53:26",NULL,NULL,NULL
0203-07754,"PHARMA OSHA, S. DE R.L. DE C.V.",NULL,NULL,P,2,CLT_7754,NULL,1,0,202.03,A,NULL,0203-00000,"2018-02-08 01:53:26",NULL,NULL,NULL
0203-07755,"LAGSOM QUIMICA, S.A. DE C.V.",NULL,NULL,P,2,CLT_7755,NULL,1,0,202.03,A,NULL,0203-00000,"2018-02-08 01:53:26",NULL,NULL,NULL
0203-07760,"SUNTORY INMOBILIARIA, S.A. DE C.V.",NULL,NULL,P,2,CLT_7760,NULL,1,0,202.03,A,NULL,0203-00000,"2018-02-08 01:53:26",NULL,NULL,NULL
0203-07761,"CERRADURAS Y CANDADOS PHILLIPS, S.A. DE C.V.",NULL,NULL,P,2,CLT_7761,NULL,1,0,202.03,A,NULL,0203-00000,"2018-02-08 01:53:26",NULL,NULL,NULL
0203-07762,"DISTRIBUIDORA FERACMON, S.A. DE C.V.",NULL,NULL,P,2,CLT_7762,NULL,1,0,202.03,A,NULL,0203-00000,"2018-02-08 01:53:26",NULL,NULL,NULL
0203-07767,"GC-LEMA Y ASOCIADOS, S.A. DE C.V.",NULL,NULL,P,2,CLT_7767,NULL,1,0,202.03,A,NULL,0203-00000,"2018-02-08 01:53:26",NULL,NULL,NULL
0203-07771,"SISTEMAS DE ENERGIA Y SEGURIDAD INTELIGENTE, S.A. DE C.V.",NULL,NULL,P,2,CLT_7771,NULL,1,0,202.03,A,NULL,0203-00000,"2018-02-08 01:53:26",NULL,NULL,NULL
0203-07773,"NU SKIN MEXICO, S.A. DE C.V.",NULL,NULL,P,2,CLT_7773,NULL,1,0,202.03,A,NULL,0203-00000,"2018-02-08 01:53:26",NULL,NULL,NULL
0203-07775,"LA CUNA ENCANTADA, S.A. DE C.V.",NULL,NULL,P,2,CLT_7775,NULL,1,0,202.03,A,NULL,0203-00000,"2018-02-08 01:53:26",NULL,NULL,NULL
0203-07778,"PETIMEX, S.A. DE C.V.",NULL,NULL,P,2,CLT_7778,NULL,1,0,202.03,A,NULL,0203-00000,"2018-02-08 01:53:26",NULL,NULL,NULL
0203-07779,"TEXTILES LA GOLONDRINA, S.A. DE C.V.",NULL,NULL,P,2,CLT_7779,NULL,1,0,202.03,A,NULL,0203-00000,"2018-02-08 01:53:26",NULL,NULL,NULL
0203-07780,"TEXTILES MONT BLANC, S.A DE C.V.",NULL,NULL,P,2,CLT_7780,NULL,1,0,202.03,A,NULL,0203-00000,"2018-02-08 01:53:26",NULL,NULL,NULL
0203-07781,"OMEGA CORPORACION, S.A. DE C.V.",NULL,NULL,P,2,CLT_7781,NULL,1,0,202.03,A,NULL,0203-00000,"2018-02-08 01:53:26",NULL,NULL,NULL
0203-07782,"JANOSCHKA MEXICO, S.A.P.I. DE C.V.",NULL,NULL,P,2,CLT_7782,NULL,1,0,202.03,A,NULL,0203-00000,"2018-02-08 01:53:26",NULL,NULL,NULL
0203-07786,"ILUMINACION ORLITE, S.A. DE C.V.",NULL,NULL,P,2,CLT_7786,NULL,1,0,202.03,A,NULL,0203-00000,"2018-02-08 01:53:26",NULL,NULL,NULL
0203-07789,"MEL DE MEXICO, S.A. DE C.V.",NULL,NULL,P,2,CLT_7789,NULL,1,0,202.03,A,NULL,0203-00000,"2018-02-08 01:53:26",NULL,NULL,NULL
0203-07792,"RIO SUL, S.A. DE C.V.",NULL,NULL,P,2,CLT_7792,NULL,1,0,202.03,A,NULL,0203-00000,"2018-02-08 01:53:26",NULL,NULL,NULL
0203-07793,"COMERCIALIZADORA EDELWEISS, S.A. DE C.V.",NULL,NULL,P,2,CLT_7793,NULL,1,0,202.03,A,NULL,0203-00000,"2018-02-08 01:53:26",NULL,NULL,NULL
0203-07795,"SINTEG EN MEXICO, S.A. DE C.V.",NULL,NULL,P,2,CLT_7795,NULL,1,0,202.03,A,NULL,0203-00000,"2018-02-08 01:53:26",NULL,NULL,NULL
0203-07796,"PHONAK MEXICANA, S.A. DE C.V.",NULL,NULL,P,2,CLT_7796,NULL,1,0,202.03,A,NULL,0203-00000,"2018-02-08 01:53:26",NULL,NULL,NULL
0203-07798,"RETECMA, S.A. DE C.V.",NULL,NULL,P,2,CLT_7798,NULL,1,0,202.03,A,NULL,0203-00000,"2018-02-08 01:53:26",NULL,NULL,NULL
0203-07799,"PANALPINA TRANSPORTES MUNDIALES S.A. DE C.V.",NULL,NULL,P,2,CLT_7799,NULL,1,0,202.03,A,NULL,0203-00000,"2018-02-08 01:53:26",NULL,NULL,NULL
0203-07800,"LABOTEC MEXICO, S.C.",NULL,NULL,P,2,CLT_7800,NULL,1,0,202.03,A,NULL,0203-00000,"2018-02-08 01:53:26",NULL,NULL,NULL
0203-07801,"A&N ALIMENTOS, S.A. DE C.V.",NULL,NULL,P,2,CLT_7801,NULL,1,0,202.03,A,NULL,0203-00000,"2018-02-08 01:53:26",NULL,NULL,NULL
0203-07802,"ANA GUERRA CRUZADO",NULL,NULL,P,2,CLT_7802,NULL,1,0,202.03,A,NULL,0203-00000,"2018-02-08 01:53:26",NULL,NULL,NULL
0203-07803,"SHEMENSAL, S. DE R.L. DE C.V.",NULL,NULL,P,2,CLT_7803,NULL,1,0,202.03,A,NULL,0203-00000,"2018-02-08 01:53:26",NULL,NULL,NULL
0203-07804,"CARLOS IVAN RODRIGUEZ RODRIGUEZ",NULL,NULL,P,2,CLT_7804,NULL,1,0,202.03,A,NULL,0203-00000,"2018-02-08 01:53:26",NULL,NULL,NULL
0203-07805,"VENDOR PUBLICIDAD EXTERIOR S. DE R.L. DE C.V.",NULL,NULL,P,2,CLT_7805,NULL,1,0,202.03,A,NULL,0203-00000,"2018-02-08 01:53:26",NULL,NULL,NULL
0203-07806,"MEXPROUD SHIPPING, S.A. DE C.V.",NULL,NULL,P,2,CLT_7806,NULL,1,0,202.03,A,NULL,0203-00000,"2018-02-08 01:53:26",NULL,NULL,NULL
0203-07808,"FANTASIAS MIGUEL, S.A. DE C.V.",NULL,NULL,P,2,CLT_7808,NULL,1,0,202.03,A,NULL,0203-00000,"2018-02-08 01:53:26",NULL,NULL,NULL
0203-07809,"AH KIM PECH CORPORTATION, S.A. DE C.V. (NO USAR)",NULL,NULL,P,2,CLT_7809,NULL,1,0,202.03,A,NULL,0203-00000,"2018-02-08 01:53:26",NULL,NULL,NULL
0203-07810,"ZAHNTECHNIK, S.A. DE C.V.",NULL,NULL,P,2,CLT_7810,NULL,1,0,202.03,A,NULL,0203-00000,"2018-02-08 01:53:26",NULL,NULL,NULL
0203-07811,"POLYLUBEX, S.A. DE C.V.",NULL,NULL,P,2,CLT_7811,NULL,1,0,202.03,A,NULL,0203-00000,"2018-02-08 01:53:26",NULL,NULL,NULL
0203-07812,"INSTITUTO TECNOLOGICO DE DIANETICA, A.C.",NULL,NULL,P,2,CLT_7812,NULL,1,0,202.03,A,NULL,0203-00000,"2018-02-08 01:53:26",NULL,NULL,NULL
0203-07813,"NETCONTROLL GROUP, S.A. DE C.V.",NULL,NULL,P,2,CLT_7813,NULL,1,0,202.03,A,NULL,0203-00000,"2018-02-08 01:53:26",NULL,NULL,NULL
0203-07814,"CACAHUATES DE MORELOS, S. DE R.L. DE C.V.",NULL,NULL,P,2,CLT_7814,NULL,1,0,202.03,A,NULL,0203-00000,"2018-02-08 01:53:26",NULL,NULL,NULL
0203-07815,"PUBLICIDAD HOLISTICA DEL NORTE, S.A. DE C.V.",NULL,NULL,P,2,CLT_7815,NULL,1,0,202.03,A,NULL,0203-00000,"2018-02-08 01:53:26",NULL,NULL,NULL
0203-07816,"SENTER SYNERGY, S.A. DE C.V.",NULL,NULL,P,2,CLT_7816,NULL,1,0,202.03,A,NULL,0203-00000,"2018-02-08 01:53:26",NULL,NULL,NULL
0203-07817,"HOME COSAS, S.A. DE C.V.",NULL,NULL,P,2,CLT_7817,NULL,1,0,202.03,A,NULL,0203-00000,"2018-02-08 01:53:26",NULL,NULL,NULL
0203-07818,"SUNTORY SERVICIO DE RESTAURANTES, S.A. DE C.V.",NULL,NULL,P,2,CLT_7818,NULL,1,0,202.03,A,NULL,0203-00000,"2018-02-08 01:53:26",NULL,NULL,NULL
0203-07819,"AH KIM PECH CORPORATION, S.A. DE C.V.",NULL,NULL,P,2,CLT_7819,NULL,1,0,202.03,A,NULL,0203-00000,"2018-02-08 01:53:26",NULL,NULL,NULL
0203-07820,"RAHUE DESARROLLOS, S. DE R.L. DE C.V.",NULL,NULL,P,2,CLT_7820,NULL,1,0,202.03,A,NULL,0203-00000,"2018-02-08 01:53:26",NULL,NULL,NULL
0203-07821,"SCANNER FORMS, S.A. DE C.V.",NULL,NULL,P,2,CLT_7821,NULL,1,0,202.03,A,NULL,0203-00000,"2018-02-08 01:53:26",NULL,NULL,NULL
0203-07825,"GUANTES VARGAS, S.A. DE C.V.",NULL,NULL,P,2,CLT_7825,NULL,1,0,202.03,A,NULL,0203-00000,"2018-02-08 01:53:26",NULL,NULL,NULL
0203-07826,"PEDRO QUEZADA MENDOZA",NULL,NULL,P,2,CLT_7826,NULL,1,0,202.03,A,NULL,0203-00000,"2018-02-08 01:53:26",NULL,NULL,NULL
0203-07827,"NNR GLOBAL LOGISTICS MEXICO, S.A. DE C.V.",NULL,NULL,P,2,CLT_7827,NULL,1,0,202.03,A,NULL,0203-00000,"2018-02-08 01:53:26",NULL,NULL,NULL
0203-07828,"INGENIERIA E INTEGRACION AVANZADAS (INGENIA), S.A.",NULL,NULL,P,2,CLT_7828,NULL,1,0,202.03,A,NULL,0203-00000,"2018-02-08 01:53:26",NULL,NULL,NULL
0203-07830,"CITIZENS COMMISION OF HUMAN RIGHTS MEXICO, A.C.",NULL,NULL,P,2,CLT_7830,NULL,1,0,202.03,A,NULL,0203-00000,"2018-02-08 01:53:26",NULL,NULL,NULL
0203-07831,"SISTEMAS E INGENIERIA DE EMC, S.A. DE C.V.",NULL,NULL,P,2,CLT_7831,NULL,1,0,202.03,A,NULL,0203-00000,"2018-02-08 01:53:26",NULL,NULL,NULL
0203-07832,"APPAREL MACHINERY DE MEXICO, S.A. DE C.V.",NULL,NULL,P,2,CLT_7832,NULL,1,0,202.03,A,NULL,0203-00000,"2018-02-08 01:53:26",NULL,NULL,NULL
0203-07834,"MAQUINARIA ELECTRICA SAM, S. A.",NULL,NULL,P,2,CLT_7834,NULL,1,0,202.03,A,NULL,0203-00000,"2018-02-08 01:53:26",NULL,NULL,NULL
0203-07835,"J J DENIS, S.A. DE C.V.",NULL,NULL,P,2,CLT_7835,NULL,1,0,202.03,A,NULL,0203-00000,"2018-02-08 01:53:26",NULL,NULL,NULL
0203-07837,"COMPUTADORAS ACCESORIOS Y SISTEMAS, S.A. DE C.V.",NULL,NULL,P,2,CLT_7837,NULL,1,0,202.03,A,NULL,0203-00000,"2018-02-08 01:53:26",NULL,NULL,NULL
0203-07838,"RESTAURANTE SUNTORY DE ACAPULCO, S.A. DE C.V.",NULL,NULL,P,2,CLT_7838,NULL,1,0,202.03,A,NULL,0203-00000,"2018-02-08 01:53:26",NULL,NULL,NULL
0203-07841,"JUAN NOE AMADOR CASTILLO",NULL,NULL,P,2,CLT_7841,NULL,1,0,202.03,A,NULL,0203-00000,"2018-02-08 01:53:26",NULL,NULL,NULL
0203-07842,"SUAN FARMA MEXICO S.A. DE C.V.",NULL,NULL,P,2,CLT_7842,NULL,1,0,202.03,A,NULL,0203-00000,"2018-02-08 01:53:26",NULL,NULL,NULL
0203-07843,"GRUAS GONZALEZ TENANGO S.A. DE C.V.",NULL,NULL,P,2,CLT_7843,NULL,1,0,202.03,A,NULL,0203-00000,"2018-02-08 01:53:26",NULL,NULL,NULL
0203-07844,"DACHSER DE MEXICO S.A. DE C.V.",NULL,NULL,P,2,CLT_7844,NULL,1,0,202.03,A,NULL,0203-00000,"2018-02-08 01:53:26",NULL,NULL,NULL
0203-07847,"COMERCIALIZADORA CENTURY RECYCLING, S.A. DE C.V.",NULL,NULL,P,2,CLT_7847,NULL,1,1,202.03,A,NULL,0203-00000,"2018-03-07 17:25:20",NULL,NULL,NULL
0203-07848,"HOME LINK DE MEXICO, S.A. DE C.V.",NULL,NULL,P,2,CLT_7848,NULL,1,1,202.03,A,NULL,0203-00000,"2018-03-06 13:11:19",NULL,NULL,NULL
0203-07849,"FABPSA DIVISION NO CARNICOS S.A. DE C.V.",NULL,NULL,P,2,CLT_7849,NULL,1,0,202.03,A,NULL,0203-00000,"2018-04-19 18:37:53",NULL,NULL,NULL
0203-07850,"EFICIENCIA THERMOE S.A. DE C.V.",NULL,NULL,P,2,CLT_7850,NULL,1,1,202.03,A,NULL,0203-00000,"2018-03-05 18:59:15",NULL,NULL,NULL
0203-07851,"TINTES DEPOT S.A. DE C.V.",NULL,NULL,P,2,CLT_7851,NULL,1,0,202.03,A,NULL,0203-00000,"2018-04-19 18:37:53",NULL,NULL,NULL
0209-00000,"PROVISIONES",NULL,NULL,P,1,NULL,NULL,1,0,215,A,NULL,NULL,NULL,NULL,NULL,NULL
0209-00001,"PROVISION P.T.U.",NULL,NULL,P,2,NULL,NULL,1,0,215.03,A,NULL,0209-00000,NULL,NULL,NULL,NULL
0211-00000,"Provisión de contribuciones de seguridad social por pagar",NULL,NULL,P,1,NULL,NULL,1,0,211,A,NULL,NULL,NULL,NULL,NULL,NULL
0211-00001,"Provisión de IMSS patronal por pagar",NULL,NULL,P,2,NULL,NULL,1,1,211.01,A,NULL,0211-00000,NULL,NULL,NULL,NULL
0211-00002,"Provisión de SAR por pagar",NULL,NULL,P,2,NULL,NULL,1,1,211.02,A,NULL,0211-00000,NULL,NULL,NULL,NULL
0211-00003,"Provisión de infonavit por pagar",NULL,NULL,P,2,NULL,NULL,1,1,211.03,A,NULL,0211-00000,NULL,NULL,NULL,NULL
0213-00000,"SUELDOS POR PAGAR",NULL,NULL,P,1,NULL,NULL,1,0,210,A,NULL,NULL,NULL,NULL,NULL,NULL
0213-00001,"SUELDOS POR PAGAR",NULL,NULL,P,2,NULL,NULL,1,1,210.01,A,NULL,0213-00000,NULL,NULL,NULL,NULL
0213-00002,"FONDO DE AHORRO",NULL,NULL,P,2,NULL,NULL,1,1,210.04,A,NULL,0213-00000,NULL,NULL,NULL,NULL
0213-00003,"HONORARIOS ASIMILABLES A SUELDOS POR PAGAR",NULL,NULL,P,2,NULL,NULL,1,1,210.05,A,NULL,0213-00000,NULL,NULL,NULL,NULL
0213-00004,"PTU POR PAGAR",NULL,NULL,P,2,NULL,NULL,1,1,215.03,A,NULL,0213-00000,NULL,NULL,NULL,NULL
0213-00005,"PENSION ALIMENTICIA",NULL,NULL,P,2,NULL,NULL,1,1,210.07,A,NULL,0213-00000,NULL,NULL,NULL,NULL
0213-00006,"PROVISION DE VACACIONES POR PAGAR",NULL,NULL,P,2,NULL,NULL,1,0,210.02,A,NULL,0213-00000,NULL,NULL,NULL,NULL
0213-00007,"PROVISION DE AGUINALDO POR PAGAR",NULL,NULL,P,2,NULL,NULL,1,0,210.03,A,NULL,0213-00000,NULL,NULL,NULL,NULL
0216-00000,"IMPUESTOS RETENIDOS",NULL,NULL,A,1,NULL,NULL,1,0,216,A,NULL,NULL,"2018-02-02 11:24:24",NULL,NULL,NULL
0216-00001,"IVA RETENIDO POR COBRAR",NULL,NULL,A,2,NULL,NULL,1,0,216,A,NULL,0216-00000,"2018-02-02 11:25:21",NULL,NULL,NULL
0216-00002,"IVA RETENIDO COBRADO",NULL,NULL,A,2,NULL,NULL,1,0,216,D,NULL,0216-00000,"2018-02-02 11:25:37",NULL,NULL,NULL
0320-00000,"CAPITAL",NULL,NULL,C,1,NULL,NULL,1,0,301,A,NULL,NULL,NULL,NULL,NULL,NULL
0320-00001,"JOSE RODOLFO VILLAVERDE VILLANUEVA",NULL,NULL,C,2,NULL,NULL,1,1,301.01,A,NULL,0320-00000,NULL,NULL,NULL,NULL
0320-00002,"JESUS ALBERTO FRIAS ARVIZU",NULL,NULL,C,2,NULL,NULL,1,1,301.01,A,NULL,0320-00000,NULL,NULL,NULL,NULL
0330-00000,"RESULTADOS DE EJERCICIOS",NULL,NULL,C,2,NULL,NULL,1,0,304,D,NULL,NULL,NULL,NULL,NULL,NULL
0330-00001,"RESULTADO DEL EJERCICIO 2009",NULL,NULL,C,2,NULL,NULL,1,1,304.02,D,NULL,0330-00000,NULL,NULL,NULL,NULL
0330-00002,"RESULTADO DEL EJERCICIO 2010",NULL,NULL,C,2,NULL,NULL,1,1,304.01,A,NULL,0330-00000,NULL,NULL,NULL,NULL
0330-00003,"RESULTADO DEL EJERCICIO 2011",NULL,NULL,C,2,NULL,NULL,1,1,304.02,D,NULL,0330-00000,NULL,NULL,NULL,NULL
0330-00004,"RESULTADO DEL EJERCICIO 2012",NULL,NULL,C,2,NULL,NULL,1,1,304.01,A,NULL,0330-00000,NULL,NULL,NULL,NULL
0330-00005,"RESULTADO DEL EJERCICIO 2013",NULL,NULL,C,2,NULL,NULL,1,1,304.01,A,NULL,0330-00000,NULL,NULL,NULL,NULL
0330-00006,"RESULTADO EJERCICIO 2014",NULL,NULL,C,2,NULL,NULL,1,1,305.02,D,NULL,0330-00000,NULL,NULL,NULL,NULL
0330-00007,"RESULTADO DEL EJERCICIO 2015",NULL,NULL,C,2,NULL,NULL,1,0,304,D,NULL,0330-00000,NULL,NULL,NULL,NULL
0330-00008,"UTILIDAD CONTABLE 2016",NULL,NULL,C,2,NULL,NULL,1,0,304,A,NULL,0330-00000,"2018-03-29 17:54:57",NULL,NULL,NULL
0400-00000,"INGRESOS POR HONORARIOS Y SERVICIOS",NULL,NULL,I,1,NULL,NULL,1,0,401,A,NULL,NULL,NULL,NULL,NULL,NULL
0400-00001,HONORARIOS,NULL,NULL,I,2,NULL,NULL,1,1,401.01,A,80151605,0400-00000,NULL,NULL,NULL,NULL
0400-00002,"TRAMITES Y SERVICIOS",NULL,NULL,I,2,NULL,NULL,1,1,401.01,A,80151605,0400-00000,NULL,NULL,NULL,NULL
0400-00003,"RECONOCIMIENTO ADUANERO",NULL,NULL,I,2,NULL,NULL,1,1,401.01,A,80151605,0400-00000,NULL,NULL,NULL,NULL
0400-00004,PREVIOS,NULL,NULL,I,2,NULL,NULL,1,1,401.01,A,80151605,0400-00000,NULL,NULL,NULL,NULL
0400-00005,"ELABORACION DE PEDIMENTO",NULL,NULL,I,2,NULL,NULL,1,1,401.01,A,80151605,0400-00000,NULL,NULL,NULL,NULL
0400-00006,"DOCUMENTACION Y/O FOTOSTATICAS",NULL,NULL,I,2,NULL,NULL,1,1,401.01,A,80151605,0400-00000,NULL,NULL,NULL,NULL
0400-00007,"ENTREGAS DE MERCANCIA",NULL,NULL,I,2,NULL,NULL,1,1,401.01,A,80151605,0400-00000,NULL,NULL,NULL,NULL
0400-00008,DESCONSOLIDACION,NULL,NULL,I,2,NULL,NULL,1,1,401.01,A,80151605,0400-00000,NULL,NULL,NULL,NULL
0400-00009,"INGRESOS POR OTROS CONCEPTOS",NULL,NULL,I,2,NULL,NULL,1,1,401.01,A,80151605,0400-00000,NULL,NULL,NULL,NULL
0400-00010,"SELLOS FISCALES",NULL,NULL,I,2,NULL,NULL,1,1,401.01,A,80151605,0400-00000,NULL,NULL,NULL,NULL
0400-00011,"MANIFESTACIONES DE VALOR",NULL,NULL,I,2,NULL,NULL,1,1,401.01,A,80151605,0400-00000,NULL,NULL,NULL,NULL
0400-00012,MANIOBRAS,NULL,NULL,I,2,NULL,NULL,1,1,401.01,A,80151605,0400-00000,NULL,NULL,NULL,NULL
0400-00013,VUCEM,NULL,NULL,I,2,NULL,NULL,1,1,401.01,A,80151605,0400-00000,NULL,NULL,NULL,NULL
0402-00000,"DEV.DESC.O BONIFICACIONES SOBRE INGRESOS",NULL,NULL,I,1,NULL,NULL,1,0,402,D,NULL,NULL,NULL,NULL,NULL,NULL
0402-00001,"DEV., DESC. O BONIFICACIONES SOBRE VTAS Y /O SERV. TASA GRAL",NULL,NULL,I,2,NULL,NULL,1,1,402.01,D,80151600,0402-00000,NULL,NULL,NULL,NULL
0402-00002,"TRAMITES Y SERVICIOS",NULL,NULL,I,2,NULL,NULL,1,1,402.01,D,80151602,0402-00000,NULL,NULL,NULL,NULL
0402-00003,"RECONOCIMIENTO ADUANERO",NULL,NULL,I,2,NULL,NULL,1,0,402,D,80151602,0402-00000,NULL,NULL,NULL,NULL
0402-00004,PREVIOS,NULL,NULL,I,2,NULL,NULL,1,1,402,D,80151602,0402-00000,NULL,NULL,NULL,NULL
0402-00005,"ELABORACION DE PEDIMENTOS",NULL,NULL,I,2,NULL,NULL,1,1,402,D,80151602,0402-00000,NULL,NULL,NULL,NULL
0402-00006,"DOCUMENTACIÓN Y/O FOTOSTATICA",NULL,NULL,I,2,NULL,NULL,1,1,402,D,80151602,0402-00000,NULL,NULL,NULL,NULL
0402-00007,"ENTREGA DE MERCANCIA",NULL,NULL,I,2,NULL,NULL,1,1,402,D,80151602,0402-00000,NULL,NULL,NULL,NULL
0402-00008,DESCONSOLIDACION,NULL,NULL,I,2,NULL,NULL,1,0,402,D,80151604,0402-00000,NULL,NULL,NULL,NULL
0402-00009,"INGRESOS POR OTROS CONCEPTOS",NULL,NULL,I,2,NULL,NULL,1,1,402,D,80151600,0402-00000,NULL,NULL,NULL,NULL
0402-00010,"SELLOS FISCALES",NULL,NULL,I,2,NULL,NULL,1,0,402,D,80151602,0402-00000,NULL,NULL,NULL,NULL
0402-00011,"MANIFESTACIONES DE VALOR",NULL,NULL,I,2,NULL,NULL,1,1,402,D,80151602,0402-00000,NULL,NULL,NULL,NULL
0402-00012,MANIOBRAS,NULL,NULL,I,2,NULL,NULL,1,1,402,D,80151604,0402-00000,NULL,NULL,NULL,NULL
0402-00013,VUCEM,NULL,NULL,I,2,NULL,NULL,1,1,402,D,80151605,0402-00000,NULL,NULL,NULL,NULL
0405-00000,"INGRESOS POR SERV. DE TRASPORTE",NULL,NULL,I,1,NULL,NULL,1,0,401,A,NULL,NULL,NULL,NULL,NULL,NULL
0405-00001,"FLETE",NULL,NULL,I,2,NULL,NULL,1,1,401,A,NULL,0405-00000,NULL,NULL,NULL,NULL
0405-00002,"ARRASTRE",NULL,NULL,I,2,NULL,NULL,1,1,401,A,NULL,0405-00000,NULL,NULL,NULL,NULL
0405-00003,"CRUCE FRONTERIZO",NULL,NULL,I,2,NULL,NULL,1,0,401,A,NULL,0405-00000,NULL,NULL,NULL,NULL
0405-00004,"DEMORAS",NULL,NULL,I,2,NULL,NULL,1,0,401,A,NULL,0405-00000,NULL,NULL,NULL,NULL
0405-00005,"MANIOBRAS",NULL,NULL,I,2,NULL,NULL,1,1,401,A,NULL,0405-00000,NULL,NULL,NULL,NULL
0405-00006,"MILLAS VACIAS",NULL,NULL,I,2,NULL,NULL,1,0,401,A,NULL,0405-00000,NULL,NULL,NULL,NULL
0405-00007,"PISTAS",NULL,NULL,I,2,NULL,NULL,1,0,401,A,NULL,0405-00000,NULL,NULL,NULL,NULL
0405-00008,SERVICIOS,NULL,NULL,I,2,NULL,NULL,1,1,401,A,80151605,0405-00000,"2017-10-11 18:46:31",NULL,NULL,NULL
0410-00000,"REBAJAS DESCTOS Y BONIF S/INGRESOS",NULL,NULL,I,1,NULL,NULL,1,0,402,D,NULL,NULL,NULL,NULL,NULL,NULL
0410-00001,"REBAJAS DESCUENTOS Y BONIF S/INGRESOS",NULL,NULL,I,2,NULL,NULL,1,1,402.01,D,NULL,0410-00000,NULL,NULL,NULL,NULL
0420-00000,"PRODUCTOS FINANCIEROS",NULL,NULL,I,1,NULL,NULL,1,0,702,A,NULL,NULL,NULL,NULL,NULL,NULL
0420-00001,"INTERESES GANADOS",NULL,NULL,I,2,NULL,NULL,1,1,702.04,A,NULL,0420-00000,NULL,NULL,NULL,NULL
0420-00002,"UTILIDAD EN TIPO DE CAMBIO",NULL,NULL,I,2,NULL,NULL,1,1,702.01,A,NULL,0420-00000,NULL,NULL,NULL,NULL
0430-00000,"OTROS PRODUCTOS",NULL,NULL,I,1,NULL,NULL,1,0,704,A,NULL,NULL,NULL,NULL,NULL,NULL
0430-00001,"OTROS PRODUCTOS",NULL,NULL,I,2,NULL,NULL,1,1,704.23,A,NULL,0430-00000,NULL,NULL,NULL,NULL
0430-00002,"OTROS INGRESOS POR DEPOSITOS NO IDENTIFICADO",NULL,NULL,I,2,NULL,NULL,1,1,403.01,A,NULL,0430-00000,NULL,NULL,NULL,NULL
0430-00003,"Venta de activo Fijo",NULL,NULL,I,2,NULL,NULL,1,NULL,704,A,NULL,0430-00000,NULL,NULL,NULL,NULL
0530-00000,"GASTOS GENERALES",NULL,NULL,G,1,NULL,NULL,1,0,601,D,NULL,NULL,NULL,NULL,NULL,NULL
0530-00001,"SUELDOS",NULL,NULL,G,2,NULL,NULL,1,1,601.01,D,NULL,0530-00000,NULL,NULL,NULL,NULL
0530-00002,"HORAS EXTRAS EXENTAS",NULL,NULL,G,2,NULL,NULL,1,1,601.03,D,NULL,0530-00000,NULL,NULL,NULL,NULL
0530-00003,"HORAS EXTRAS GRAVADAS",NULL,NULL,G,2,NULL,NULL,1,1,601.03,D,NULL,0530-00000,NULL,NULL,NULL,NULL
0530-00004,"VACACIONES",NULL,NULL,G,2,NULL,NULL,1,1,601.06,D,NULL,0530-00000,NULL,NULL,NULL,NULL
0530-00005,"PRIMA VACACIONAL GRAVADA",NULL,NULL,G,2,NULL,NULL,1,1,601.07,D,NULL,0530-00000,NULL,NULL,NULL,NULL
0530-00006,"PRIMA VACACIONAL EXENTA",NULL,NULL,G,2,NULL,NULL,1,1,601.07,D,NULL,0530-00000,NULL,NULL,NULL,NULL
0530-00007,"AGUINALDO EXENTO",NULL,NULL,G,2,NULL,NULL,1,1,601.12,D,NULL,0530-00000,NULL,NULL,NULL,NULL
0530-00008,"AGUINALDO GRAVADO",NULL,NULL,G,2,NULL,NULL,1,1,601.12,D,NULL,0530-00000,NULL,NULL,NULL,NULL
0530-00009,"GRATIFICACION E INDEMNIZACION EXENTA",NULL,NULL,G,2,NULL,NULL,1,1,601.13,D,NULL,0530-00000,NULL,NULL,NULL,NULL
0530-00010,"GRATIFICACION E INDEMNIZACION GRAVADA",NULL,NULL,G,2,NULL,NULL,1,1,601.13,D,NULL,0530-00000,NULL,NULL,NULL,NULL
0530-00011,"PARTICIPACION DE UTILIDADES",NULL,NULL,G,2,NULL,NULL,1,1,601.21,D,NULL,0530-00000,NULL,NULL,NULL,NULL
0530-00012,"FONDO DE AHORRO",NULL,NULL,G,2,NULL,NULL,1,1,601.19,D,NULL,0530-00000,NULL,NULL,NULL,NULL
0530-00013,"VALES DESPENSA",NULL,NULL,G,2,NULL,NULL,1,1,601.15,D,NULL,0530-00000,NULL,NULL,NULL,NULL
0530-00014,"SAR",NULL,NULL,G,2,NULL,NULL,1,1,601.28,D,NULL,0530-00000,NULL,NULL,NULL,NULL
0530-00015,"CUOTAS PATRONALES IMSS",NULL,NULL,G,2,NULL,NULL,1,1,601.26,D,NULL,0530-00000,NULL,NULL,NULL,NULL
0530-00016,"APORTACION 5 % INFONAVIT",NULL,NULL,G,2,NULL,NULL,1,1,601.27,D,NULL,0530-00000,NULL,NULL,NULL,NULL
0530-00017,"CAPACITACION Y ADIESTRAMIENTO",NULL,NULL,G,2,NULL,NULL,1,1,601.62,D,NULL,0530-00000,NULL,NULL,NULL,NULL
0530-00018,"PREMIO DE PUNTUALIDAD",NULL,NULL,G,2,NULL,NULL,1,1,601.05,D,NULL,0530-00000,NULL,NULL,NULL,NULL
0530-00019,"HONORARIOS ASIMILABLES A SUELDOS",NULL,NULL,G,2,NULL,NULL,1,1,601.31,D,NULL,0530-00000,NULL,NULL,NULL,NULL
0530-00020,"GASTOS DE PREVISION SOCIAL",NULL,NULL,G,2,NULL,NULL,1,1,601.23,D,NULL,0530-00000,NULL,NULL,NULL,NULL
0530-00021,"PREMIO DE ASISTENCIA",NULL,NULL,G,2,NULL,NULL,1,1,601.04,D,NULL,0530-00000,NULL,NULL,NULL,NULL
0530-00022,"HONORARIOS A PROFESIONISTAS",NULL,NULL,G,2,NULL,NULL,1,1,601.34,D,NULL,0530-00000,NULL,NULL,NULL,NULL
0530-00023,"LUZ",NULL,NULL,G,2,NULL,NULL,1,1,601.52,D,NULL,0530-00000,NULL,NULL,NULL,NULL
0530-00024,"AGUA",NULL,NULL,G,2,NULL,NULL,1,1,601.51,D,NULL,0530-00000,NULL,NULL,NULL,NULL
0530-00025,"TELEFONOS",NULL,NULL,G,2,NULL,NULL,1,1,601.50,D,NULL,0530-00000,NULL,NULL,NULL,NULL
0530-00026,"MANTENIMIENTO LOCAL OFICINA",NULL,NULL,G,2,NULL,NULL,1,1,601.56,D,NULL,0530-00000,NULL,NULL,NULL,NULL
0530-00027,"MANTENIMIENTO EQUIPO TRANSPORTE",NULL,NULL,G,2,NULL,NULL,1,1,601.16,D,NULL,0530-00000,NULL,NULL,NULL,NULL
0530-00028,"MANTENIMIENTO EQUIPO DE OFICINA",NULL,NULL,G,2,NULL,NULL,1,1,601.56,D,NULL,0530-00000,NULL,NULL,NULL,NULL
0530-00029,"MANTENIMIENTO EQUIPO DE COMPUTO",NULL,NULL,G,2,NULL,NULL,1,1,601.56,D,NULL,0530-00000,NULL,NULL,NULL,NULL
0530-00030,"GASOLINA Y LUBRICANTES",NULL,NULL,G,2,NULL,NULL,1,1,601.48,D,NULL,0530-00000,NULL,NULL,NULL,NULL
0530-00031,"PLACAS Y TENENCIAS",NULL,NULL,G,2,NULL,NULL,1,1,601.84,D,NULL,0530-00000,NULL,NULL,NULL,NULL
0530-00032,"ESTACIONAMIENTOS",NULL,NULL,G,2,NULL,NULL,1,1,601.84,D,NULL,0530-00000,NULL,NULL,NULL,NULL
0530-00033,"SEGUROS Y FIANZAS",NULL,NULL,G,2,NULL,NULL,1,1,601.57,D,NULL,0530-00000,NULL,NULL,NULL,NULL
0530-00034,"GASTOS DE VIAJE",NULL,NULL,G,2,NULL,NULL,1,1,601.49,D,NULL,0530-00000,NULL,NULL,NULL,NULL
0530-00035,"PASAJES Y CASETAS",NULL,NULL,G,2,NULL,NULL,1,1,601.84,D,NULL,0530-00000,NULL,NULL,NULL,NULL
0530-00036,"EQUIPO DE RADIO COMUNICACION",NULL,NULL,G,2,NULL,NULL,1,1,601.84,D,NULL,0530-00000,NULL,NULL,NULL,NULL
0530-00037,"PROGRAMAS DE COMPUTACION",NULL,NULL,G,2,NULL,NULL,1,1,601.84,D,NULL,0530-00000,NULL,NULL,NULL,NULL
0530-00038,"OPERACIONES SAAI",NULL,NULL,G,2,NULL,NULL,1,1,601.84,D,NULL,0530-00000,NULL,NULL,NULL,NULL
0530-00039,"ATENCION CLIENTES",NULL,NULL,G,2,NULL,NULL,1,1,601.84,D,NULL,0530-00000,NULL,NULL,NULL,NULL
0530-00040,"FLETES",NULL,NULL,G,2,NULL,NULL,1,1,601.72,D,NULL,0530-00000,NULL,NULL,NULL,NULL
0530-00041,"MANIOBRAS",NULL,NULL,G,2,NULL,NULL,1,1,601.84,D,NULL,0530-00000,NULL,NULL,NULL,NULL
0530-00042,"FOTOSTATICAS",NULL,NULL,G,2,NULL,NULL,1,1,601.84,D,NULL,0530-00000,NULL,NULL,NULL,NULL
0530-00043,"SELLOS FISCALES",NULL,NULL,G,2,NULL,NULL,1,1,601.84,D,NULL,0530-00000,NULL,NULL,NULL,NULL
0530-00044,"RECTIFICACION DE PEDIMENTOS",NULL,NULL,G,2,NULL,NULL,1,1,601.84,D,NULL,0530-00000,NULL,NULL,NULL,NULL
0530-00045,"PAPELERIA",NULL,NULL,G,2,NULL,NULL,1,1,601.55,D,NULL,0530-00000,NULL,NULL,NULL,NULL
0530-00046,"CUOTAS Y SUSCRIPCIONES",NULL,NULL,G,2,NULL,NULL,1,1,601.60,D,NULL,0530-00000,NULL,NULL,NULL,NULL
0530-00047,"SERVICIOS DE MENSAJERIA Y PAQUETERIA",NULL,NULL,G,2,NULL,NULL,1,1,601.84,D,NULL,0530-00000,NULL,NULL,NULL,NULL
0530-00048,"DEPRECIACION MOBILIARIO Y EQUIPO OFICINA",NULL,NULL,G,2,NULL,NULL,1,1,601.84,D,NULL,0530-00000,NULL,NULL,NULL,NULL
0530-00049,"DEPRECIACION EQUIPO DE COMPUTO",NULL,NULL,G,2,NULL,NULL,1,1,613.05,D,NULL,0530-00000,NULL,NULL,NULL,NULL
0530-00050,"DEPRECIACION EQUIPO DE TRANSPORTE",NULL,NULL,G,2,NULL,NULL,1,1,613.03,D,NULL,0530-00000,NULL,NULL,NULL,NULL
0530-00051,"DEPRECIACION EQUIPO DE COMUNICACION",NULL,NULL,G,2,NULL,NULL,1,1,613.06,D,NULL,0530-00000,NULL,NULL,NULL,NULL
0530-00052,"MANIOBRAS Y SERVICIOS DE CORRESPONSALIAS",NULL,NULL,G,2,NULL,NULL,1,1,601.84,D,NULL,0530-00000,NULL,NULL,NULL,NULL
0530-00054,"MANIOBRAS NOKIA",NULL,NULL,G,2,NULL,NULL,1,1,601.84,D,NULL,0530-00000,NULL,NULL,NULL,NULL
0530-00055,"DESCONSOLIDACIONES",NULL,NULL,G,2,NULL,NULL,1,1,601.84,D,NULL,0530-00000,NULL,NULL,NULL,NULL
0530-00056,"DEMORAS",NULL,NULL,G,2,NULL,NULL,1,1,601.84,D,NULL,0530-00000,NULL,NULL,NULL,NULL
0530-00057,"GASTOS DIVERSOS COMPROBADOS",NULL,NULL,G,2,NULL,NULL,1,1,601.84,D,NULL,0530-00000,NULL,NULL,NULL,NULL
0530-00058,"GASTOS NO DEDUCIBLES",NULL,NULL,G,2,NULL,NULL,1,1,601.83,D,NULL,0530-00000,NULL,NULL,NULL,NULL
0530-00059,"ASESORIA LEGAL, JURIDICA, FISCAL Y COMERCIO EXTERIOR",NULL,NULL,G,2,NULL,NULL,1,1,601.84,D,NULL,0530-00000,NULL,NULL,NULL,NULL
0530-00060,"CONSUMO EN RESTAURANTES",NULL,NULL,G,2,NULL,NULL,1,1,601.84,D,NULL,0530-00000,NULL,NULL,NULL,NULL
0530-00061,"COORDINACION DE EMBARQUES",NULL,NULL,G,2,NULL,NULL,1,1,601.84,D,NULL,0530-00000,NULL,NULL,NULL,NULL
0530-00062,"ACTUALIZACIONES",NULL,NULL,G,2,NULL,NULL,1,1,601.84,D,NULL,0530-00000,NULL,NULL,NULL,NULL
0530-00063,"RECARGOS",NULL,NULL,G,2,NULL,NULL,1,1,601.59,D,NULL,0530-00000,NULL,NULL,NULL,NULL
0530-00064,"MULTAS",NULL,NULL,G,2,NULL,NULL,1,1,601.83,D,NULL,0530-00000,NULL,NULL,NULL,NULL
0530-00065,"RENTA DE OFICINA",NULL,NULL,G,2,NULL,NULL,1,1,601.45,D,NULL,0530-00000,NULL,NULL,NULL,NULL
0530-00066,"SERVICIOS EN EL EXTRANJERO",NULL,NULL,G,2,NULL,NULL,1,1,601.84,D,NULL,0530-00000,NULL,NULL,NULL,NULL
0530-00067,"SERVICIOS ADMINISTRATIVOS Y OPERATIVOS DE DESPACHO ADUANERO",NULL,NULL,G,2,NULL,NULL,1,1,601.32,D,NULL,0530-00000,NULL,NULL,NULL,NULL
0530-00068,"COMISIONES",NULL,NULL,G,2,NULL,NULL,1,1,601.74,D,NULL,0530-00000,NULL,NULL,NULL,NULL
0530-00069,"CUOTA SOCIAL AAADAM",NULL,NULL,G,2,NULL,NULL,1,1,601.84,D,NULL,0530-00000,NULL,NULL,NULL,NULL
0530-00070,"PRIMA DE ANTIGÜEDAD",NULL,NULL,G,2,NULL,NULL,1,1,601.11,D,NULL,0530-00000,NULL,NULL,NULL,NULL
0530-00071,"SERVICIO DE SEGURIDAD",NULL,NULL,G,2,NULL,NULL,1,1,601.53,D,NULL,0530-00000,NULL,NULL,NULL,NULL
0530-00072,"PENSION PARA VEHICULOS",NULL,NULL,G,2,NULL,NULL,1,1,601.84,D,NULL,0530-00000,NULL,NULL,NULL,NULL
0530-00073,"TIMBRADO CFDI",NULL,NULL,G,2,NULL,NULL,1,1,601.84,D,NULL,0530-00000,NULL,NULL,NULL,NULL
0530-00074,"PREDIAL O PREDIO DE INMUEBLES",NULL,NULL,G,2,NULL,NULL,1,1,601.78,D,NULL,0530-00000,NULL,NULL,NULL,NULL
0530-00075,"HOSPEDAJE",NULL,NULL,G,2,NULL,NULL,1,1,601.84,D,NULL,0530-00000,NULL,NULL,NULL,NULL
0530-00076,"BOLETOS DE AVION",NULL,NULL,G,2,NULL,NULL,1,1,601.84,D,NULL,0530-00000,NULL,NULL,NULL,NULL
0530-00077,"ART. DE LIMPIEZA",NULL,NULL,G,2,NULL,NULL,1,1,601.54,D,NULL,0530-00000,NULL,NULL,NULL,NULL
0530-00078,"AYUDA PARA RENTA",NULL,NULL,G,2,NULL,NULL,1,1,601.23,D,NULL,0530-00000,NULL,NULL,NULL,NULL
0530-00079,"OTROS DERECHOS ( PREVALIDACION )",NULL,NULL,G,2,NULL,NULL,1,1,601.84,D,NULL,0530-00000,NULL,NULL,NULL,NULL
0530-00080,"PRIMA DOMINICAL",NULL,NULL,G,2,NULL,NULL,1,1,601.08,D,NULL,0530-00000,NULL,NULL,NULL,NULL
0530-00081,"Equipo de Seguridad",NULL,NULL,G,2,NULL,NULL,1,1,601.84,D,NULL,0530-00000,NULL,NULL,NULL,NULL
0530-00082,"AYUDA DE GASTOS FUNERARIOS",NULL,NULL,G,2,NULL,NULL,1,1,601,D,NULL,0530-00000,NULL,NULL,NULL,NULL
0530-00083,"ALQUILER AUTOMÓVIL",NULL,NULL,G,2,NULL,NULL,1,1,601,A,NULL,0530-00000,NULL,NULL,NULL,NULL
0530-00084,"GASTOS MEDICOS",NULL,NULL,G,2,NULL,NULL,1,1,601,D,NULL,0530-00000,NULL,NULL,NULL,NULL
0530-00085,"PROPAGANDA Y PUBLICIDAD",NULL,NULL,G,2,NULL,NULL,1,NULL,601.61,D,NULL,0530-00000,NULL,NULL,NULL,NULL
0530-00086,"GASOLINA Y COMBUSTIBLES (EXENTOS)",NULL,NULL,G,2,NULL,NULL,1,1,601.48,D,NULL,0530-00000,NULL,NULL,NULL,NULL
0530-00087,"ACCESORIOS DE EQUIPO DE COMUNICACION",NULL,NULL,G,2,NULL,NULL,1,1,601,D,NULL,0530-00000,NULL,NULL,NULL,NULL
0530-00088,"ACCESORIO EQUIPO DE COMPUTO",NULL,NULL,G,2,NULL,NULL,1,1,600,D,NULL,0530-00000,"2017-10-10 12:38:28",NULL,NULL,NULL
0530-00089,"CUENTAS DE CORREO ELECTRONICO",NULL,NULL,G,2,NULL,NULL,1,1,603,D,NULL,0530-00000,"2017-11-03 12:57:13",NULL,NULL,NULL
0530-00090,"PERMISO DE IMPORTACIÓN DE REMOLQUES",NULL,NULL,G,2,NULL,NULL,1,0,603.73,D,NULL,0530-00000,"2018-01-22 12:33:23",NULL,NULL,NULL
0530-00091,"RENTA DE REMOLQUES",NULL,NULL,G,2,NULL,NULL,1,0,603.73,D,NULL,0530-00000,"2018-01-22 12:36:29",NULL,NULL,NULL
0540-00000,"GASTOS FINANCIEROS",NULL,NULL,G,1,NULL,NULL,1,0,701,D,NULL,NULL,NULL,NULL,NULL,NULL
0540-00010,"COMISIONES BANCARIAS",NULL,NULL,G,2,NULL,NULL,1,1,701.10,D,NULL,0540-00000,NULL,NULL,NULL,NULL
0540-00020,"INTERESES",NULL,NULL,G,2,NULL,NULL,1,1,701.04,D,NULL,0540-00000,NULL,NULL,NULL,NULL
0540-00030,"PERDIDA CAMBIARIA",NULL,NULL,G,2,NULL,NULL,1,1,701.01,D,NULL,0540-00000,NULL,NULL,NULL,NULL
0550-00000,"OTROS GASTOS",NULL,NULL,G,1,NULL,NULL,1,0,703,D,NULL,NULL,NULL,NULL,NULL,NULL
0550-00010,"OTROS GASTOS",NULL,NULL,G,2,NULL,NULL,1,1,703.21,D,NULL,0550-00000,NULL,NULL,NULL,NULL
0560-00000,"GASTOS DE PREVISIÓN SOCIAL",NULL,NULL,G,1,NULL,NULL,1,0,601,D,NULL,NULL,NULL,NULL,NULL,NULL
0560-00001,"VALES DE DESPENSA",NULL,NULL,G,2,NULL,NULL,1,1,601.23,D,NULL,0560-00000,NULL,NULL,NULL,NULL
0560-00002,"AYUDA PARA ANTEOJOS",NULL,NULL,G,2,NULL,NULL,1,0,601.23,D,NULL,0560-00000,NULL,NULL,NULL,NULL
0560-00003,"AYUDA PARA ARTÍCULOS ESCOLARES",NULL,NULL,G,2,NULL,NULL,1,0,601.23,D,NULL,0560-00000,NULL,NULL,NULL,NULL
0560-00004,"AYUDA PARA GASTOS DE FUNERAL",NULL,NULL,G,2,NULL,NULL,1,1,601.23,D,NULL,0560-00000,NULL,NULL,NULL,NULL
0560-00005,"AYUDA PARA RENTA",NULL,NULL,G,2,NULL,NULL,1,1,601.23,D,NULL,0560-00000,NULL,NULL,NULL,NULL
0560-00006,"AYUDA PARA TRANSPORTE",NULL,NULL,G,2,NULL,NULL,1,0,601.23,D,NULL,0560-00000,NULL,NULL,NULL,NULL
0560-00007,"BECAS PARA TRABAJADORES Y/O HIJOS",NULL,NULL,G,2,NULL,NULL,1,0,601.23,D,NULL,0560-00000,NULL,NULL,NULL,NULL
0560-00008,"CAJA DE AHORRO",NULL,NULL,G,2,NULL,NULL,1,0,601.23,D,NULL,0560-00000,NULL,NULL,NULL,NULL
0560-00009,"FONDO DE AHORRO",NULL,NULL,G,2,NULL,NULL,1,0,601.23,D,NULL,0560-00000,NULL,NULL,NULL,NULL
0560-00010,"PRIMA DE SEGURO DE VIDA",NULL,NULL,G,2,NULL,NULL,1,1,601.23,D,NULL,0560-00000,NULL,NULL,NULL,NULL
0560-00011,"REEMBOLSO DE GTOS.MEDICOS DENTALES Y HOSPITALARIOS",NULL,NULL,G,2,NULL,NULL,1,0,601.23,D,NULL,0560-00000,NULL,NULL,NULL,NULL
0560-00012,"REEMBOLSO POR FUNERAL",NULL,NULL,G,2,NULL,NULL,1,0,601.23,D,NULL,0560-00000,NULL,NULL,NULL,NULL
0560-00013,"SEGURO DE GASTOS MEDICOS MAYORES",NULL,NULL,G,2,NULL,NULL,1,1,601.23,D,NULL,0560-00000,NULL,NULL,NULL,NULL
0560-00014,"SEGURO DE RETIRO",NULL,NULL,G,2,NULL,NULL,1,0,601.23,D,NULL,0560-00000,NULL,NULL,NULL,NULL
0560-00015,"VALES DE GASOLINA",NULL,NULL,G,2,NULL,NULL,1,1,601.23,D,NULL,0560-00000,NULL,NULL,NULL,NULL
0560-00016,"VALES DE RESTAURANTE",NULL,NULL,G,2,NULL,NULL,1,0,601.23,D,NULL,0560-00000,NULL,NULL,NULL,NULL
0560-00017,"VALES DE ROPA",NULL,NULL,G,2,NULL,NULL,1,0,601.23,D,NULL,0560-00000,NULL,NULL,NULL,NULL
0560-00018,"OTROS",NULL,NULL,G,2,NULL,NULL,1,1,601.23,D,NULL,0560-00000,NULL,NULL,NULL,NULL
0611-00000,"IMPUESTO SOBRE LA RENTA",NULL,NULL,G,1,NULL,NULL,1,0,611,D,NULL,NULL,"2018-03-30 00:46:27",NULL,NULL,NULL
0611-00001,ISR,NULL,NULL,G,2,NULL,NULL,1,0,611,D,NULL,0611-00000,"2018-03-30 00:47:05",NULL,NULL,NULL
0800-00000,"CUENTAS DE ORDEN",NULL,NULL,O,1,NULL,NULL,1,0,800,D,NULL,NULL,NULL,NULL,NULL,NULL
0801-00000,"UFIN DEL EJERCICIO",NULL,NULL,O,1,NULL,NULL,1,0,801,A,NULL,NULL,NULL,NULL,NULL,NULL
0801-00001,"UFIN",NULL,NULL,O,2,NULL,NULL,1,0,801.01,A,NULL,0801-00000,NULL,NULL,NULL,NULL
0801-00002,"CONTRA CUENTA UFIN",NULL,NULL,O,2,NULL,NULL,1,0,801.02,D,NULL,0801-00000,NULL,NULL,NULL,NULL
0802-00000,"CUFIN DEL EJERCICIO",NULL,NULL,O,1,NULL,NULL,1,0,802,A,NULL,NULL,NULL,NULL,NULL,NULL
0802-00001,"CUFIN",NULL,NULL,O,2,NULL,NULL,1,0,802.01,A,NULL,0802-00000,NULL,NULL,NULL,NULL
0802-00002,"CONTRA CUENTA CUFIN",NULL,NULL,O,2,NULL,NULL,1,0,802.02,D,NULL,0802-00000,NULL,NULL,NULL,NULL
0803-00000,"CUFIN DE EJERCICIOS ANTERIORES",NULL,NULL,O,1,NULL,NULL,1,0,803,A,NULL,NULL,NULL,NULL,NULL,NULL
0803-00001,"CUFIN DE EJERCICIOS ANTERIORES",NULL,NULL,O,2,NULL,NULL,1,0,803.01,A,NULL,0803-00000,NULL,NULL,NULL,NULL
0803-00002,"CONTRA CUENTA CUFIN DE JERCICIOS ANTERIORES",NULL,NULL,O,2,NULL,NULL,1,0,803.02,D,NULL,0803-00000,NULL,NULL,NULL,NULL
0804-00000,"CUFINRE DEL EJERCICIO",NULL,NULL,O,1,NULL,NULL,1,0,804,A,NULL,NULL,NULL,NULL,NULL,NULL
0804-00001,"CUFINRE",NULL,NULL,O,2,NULL,NULL,1,0,804.01,A,NULL,0804-00000,NULL,NULL,NULL,NULL
0804-00002,"CONTRA CUENTA CUFINRE",NULL,NULL,O,2,NULL,NULL,1,0,804.02,D,NULL,0804-00000,NULL,NULL,NULL,NULL
0805-00000,"CUFINRE DE EJERCICIOS ANTERIORES",NULL,NULL,O,1,NULL,NULL,1,0,805,A,NULL,NULL,NULL,NULL,NULL,NULL
0805-00001,"CUFINRE DE EJERCICIOS ANTERIORES",NULL,NULL,O,2,NULL,NULL,1,0,805.01,A,NULL,0805-00000,NULL,NULL,NULL,NULL
0805-00002,"CONTRA CUENTA CUFINRE DE EJERCICIOS ANTERIORES",NULL,NULL,O,2,NULL,NULL,1,0,805.02,D,NULL,0805-00000,NULL,NULL,NULL,NULL
0806-00000,"CUCA DEL EJERCICIO",NULL,NULL,O,1,NULL,NULL,1,0,806,A,NULL,NULL,NULL,NULL,NULL,NULL
0806-00001,"CUCA",NULL,NULL,O,2,NULL,NULL,1,0,806.01,A,NULL,0806-00000,NULL,NULL,NULL,NULL
0806-00002,"CONTRA CUENTA CUCA",NULL,NULL,O,2,NULL,NULL,1,0,806.02,D,NULL,0806-00000,NULL,NULL,NULL,NULL
0807-00000,"CUCA DE EJERCICIO ANTERIORES",NULL,NULL,O,1,NULL,NULL,1,0,807,A,NULL,NULL,NULL,NULL,NULL,NULL
0807-00001,"CUCA DE EJERCICIOS ANTERIORES",NULL,NULL,O,2,NULL,NULL,1,0,807.01,A,NULL,0807-00000,NULL,NULL,NULL,NULL
0807-00002,"CONTRA CUENTA CUCA DE EJERCICIOS ANTERIORES",NULL,NULL,O,2,NULL,NULL,1,0,807.02,D,NULL,0807-00000,NULL,NULL,NULL,NULL
0813-00000,"PERDIDA FISCALES PENDIENTES DE AMORTIZAR DE EJERCICIOS ANTERIORES",NULL,NULL,O,1,NULL,NULL,1,0,813,D,NULL,NULL,NULL,NULL,NULL,NULL
0813-00001,"PERDIDAS FISCALES PENDIENTES DE AMORTIZAR ACTUALIZADAS DE EJERCICIOS ANTERIORES",NULL,NULL,O,2,NULL,NULL,1,0,813.01,D,NULL,0813-00000,NULL,NULL,NULL,NULL
0813-00002,"ACTUALIZACION DE PERDIDAS FISCALES PENDIENTES DE AMORTIZAR DE EJERCICIOS ANTERIORES",NULL,NULL,O,2,NULL,NULL,1,0,813.02,A,NULL,0813-00000,NULL,NULL,NULL,NULL
